quarter,town,flat_type,price
2020-Q1,ANG MO KIO,1-room,
2020-Q1,ANG MO KIO,2-room,
2020-Q1,ANG MO KIO,3-room,269500
2020-Q1,ANG MO KIO,4-room,397500
2020-Q1,ANG MO KIO,5-room,590400
2020-Q1,ANG MO KIO,Executive,
2020-Q1,BEDOK,1-room,
2020-Q1,BEDOK,2-room,
2020-Q1,BEDOK,3-room,275000
2020-Q1,BEDOK,4-room,387300
2020-Q1,BEDOK,5-room,550000
2020-Q1,BEDOK,Executive,
2020-Q1,BISHAN,1-room,
2020-Q1,BISHAN,2-room,
2020-Q1,BISHAN,3-room,
2020-Q1,BISHAN,4-room,521500
2020-Q1,BISHAN,5-room,694000
2020-Q1,BISHAN,Executive,
2020-Q1,BUKIT BATOK,1-room,
2020-Q1,BUKIT BATOK,2-room,
2020-Q1,BUKIT BATOK,3-room,253000
2020-Q1,BUKIT BATOK,4-room,350000
2020-Q1,BUKIT BATOK,5-room,518500
2020-Q1,BUKIT BATOK,Executive,592500
2020-Q1,BUKIT MERAH,1-room,
2020-Q1,BUKIT MERAH,2-room,
2020-Q1,BUKIT MERAH,3-room,325000
2020-Q1,BUKIT MERAH,4-room,640000
2020-Q1,BUKIT MERAH,5-room,817500
2020-Q1,BUKIT MERAH,Executive,
2020-Q1,BUKIT PANJANG,1-room,
2020-Q1,BUKIT PANJANG,2-room,
2020-Q1,BUKIT PANJANG,3-room,305000
2020-Q1,BUKIT PANJANG,4-room,411000
2020-Q1,BUKIT PANJANG,5-room,520000
2020-Q1,BUKIT PANJANG,Executive,580000
2020-Q1,BUKIT TIMAH,1-room,
2020-Q1,BUKIT TIMAH,2-room,
2020-Q1,BUKIT TIMAH,3-room,
2020-Q1,BUKIT TIMAH,4-room,
2020-Q1,BUKIT TIMAH,5-room,
2020-Q1,BUKIT TIMAH,Executive,
2020-Q1,CENTRAL AREA,1-room,
2020-Q1,CENTRAL AREA,2-room,
2020-Q1,CENTRAL AREA,3-room,
2020-Q1,CENTRAL AREA,4-room,
2020-Q1,CENTRAL AREA,5-room,
2020-Q1,CENTRAL AREA,Executive,
2020-Q1,CHOA CHU KANG,1-room,
2020-Q1,CHOA CHU KANG,2-room,
2020-Q1,CHOA CHU KANG,3-room,
2020-Q1,CHOA CHU KANG,4-room,339000
2020-Q1,CHOA CHU KANG,5-room,420000
2020-Q1,CHOA CHU KANG,Executive,528000
2020-Q1,CLEMENTI,1-room,
2020-Q1,CLEMENTI,2-room,
2020-Q1,CLEMENTI,3-room,315000
2020-Q1,CLEMENTI,4-room,644000
2020-Q1,CLEMENTI,5-room,815000
2020-Q1,CLEMENTI,Executive,
2020-Q1,GEYLANG,1-room,
2020-Q1,GEYLANG,2-room,
2020-Q1,GEYLANG,3-room,225000
2020-Q1,GEYLANG,4-room,450000
2020-Q1,GEYLANG,5-room,
2020-Q1,GEYLANG,Executive,
2020-Q1,HOUGANG,1-room,
2020-Q1,HOUGANG,2-room,
2020-Q1,HOUGANG,3-room,272000
2020-Q1,HOUGANG,4-room,400000
2020-Q1,HOUGANG,5-room,511500
2020-Q1,HOUGANG,Executive,682900
2020-Q1,JURONG EAST,1-room,
2020-Q1,JURONG EAST,2-room,
2020-Q1,JURONG EAST,3-room,268000
2020-Q1,JURONG EAST,4-room,375000
2020-Q1,JURONG EAST,5-room,475000
2020-Q1,JURONG EAST,Executive,
2020-Q1,JURONG WEST,1-room,
2020-Q1,JURONG WEST,2-room,
2020-Q1,JURONG WEST,3-room,260000
2020-Q1,JURONG WEST,4-room,360000
2020-Q1,JURONG WEST,5-room,429400
2020-Q2,CENTRAL AREA,3-room,
2020-Q1,JURONG WEST,Executive,545000
2020-Q1,KALLANG/WHAMPOA,1-room,
2020-Q1,KALLANG/WHAMPOA,2-room,
2020-Q1,KALLANG/WHAMPOA,3-room,283500
2020-Q1,KALLANG/WHAMPOA,4-room,500000
2020-Q1,KALLANG/WHAMPOA,5-room,698700
2020-Q1,KALLANG/WHAMPOA,Executive,
2020-Q1,MARINE PARADE,1-room,
2020-Q1,MARINE PARADE,2-room,
2020-Q1,MARINE PARADE,3-room,
2020-Q1,MARINE PARADE,4-room,
2020-Q1,MARINE PARADE,5-room,
2020-Q1,MARINE PARADE,Executive,
2020-Q1,PASIR RIS,1-room,
2020-Q1,PASIR RIS,2-room,
2020-Q1,PASIR RIS,3-room,
2020-Q1,PASIR RIS,4-room,435500
2020-Q1,PASIR RIS,5-room,495000
2020-Q1,PASIR RIS,Executive,608300
2020-Q1,PUNGGOL,1-room,
2020-Q1,PUNGGOL,2-room,
2020-Q1,PUNGGOL,3-room,356500
2020-Q1,PUNGGOL,4-room,460000
2020-Q1,PUNGGOL,5-room,493000
2020-Q1,PUNGGOL,Executive,
2020-Q1,QUEENSTOWN,1-room,
2020-Q1,QUEENSTOWN,2-room,
2020-Q1,QUEENSTOWN,3-room,308000
2020-Q1,QUEENSTOWN,4-room,728000
2020-Q1,QUEENSTOWN,5-room,852500
2020-Q1,QUEENSTOWN,Executive,
2020-Q1,SEMBAWANG,1-room,
2020-Q1,SEMBAWANG,2-room,
2020-Q1,SEMBAWANG,3-room,
2020-Q1,SEMBAWANG,4-room,351000
2020-Q1,SEMBAWANG,5-room,408000
2020-Q1,SEMBAWANG,Executive,
2020-Q1,SENGKANG,1-room,
2020-Q1,SENGKANG,2-room,
2020-Q1,SENGKANG,3-room,340000
2020-Q1,SENGKANG,4-room,425000
2020-Q1,SENGKANG,5-room,480000
2020-Q1,SENGKANG,Executive,565000
2020-Q1,SERANGOON,1-room,
2020-Q1,SERANGOON,2-room,
2020-Q1,SERANGOON,3-room,
2020-Q1,SERANGOON,4-room,429000
2020-Q1,SERANGOON,5-room,
2020-Q1,SERANGOON,Executive,
2020-Q1,TAMPINES,1-room,
2020-Q1,TAMPINES,2-room,
2020-Q1,TAMPINES,3-room,320000
2020-Q1,TAMPINES,4-room,422500
2020-Q1,TAMPINES,5-room,535000
2020-Q1,TAMPINES,Executive,680000
2020-Q1,TOA PAYOH,1-room,
2020-Q1,TOA PAYOH,2-room,
2020-Q1,TOA PAYOH,3-room,250000
2020-Q1,TOA PAYOH,4-room,539000
2020-Q1,TOA PAYOH,5-room,688000
2020-Q1,TOA PAYOH,Executive,
2020-Q1,WOODLANDS,1-room,
2020-Q1,WOODLANDS,2-room,
2020-Q1,WOODLANDS,3-room,263000
2020-Q1,WOODLANDS,4-room,340000
2020-Q1,WOODLANDS,5-room,405000
2020-Q1,WOODLANDS,Executive,578000
2020-Q1,YISHUN,1-room,
2020-Q1,YISHUN,2-room,
2020-Q1,YISHUN,3-room,270000
2020-Q1,YISHUN,4-room,360000
2020-Q1,YISHUN,5-room,482500
2020-Q1,YISHUN,Executive,584000
2020-Q2,ANG MO KIO,1-room,
2020-Q2,ANG MO KIO,2-room,
2020-Q2,ANG MO KIO,3-room,272000
2020-Q2,ANG MO KIO,4-room,405000
2020-Q2,ANG MO KIO,5-room,555000
2020-Q2,ANG MO KIO,Executive,
2020-Q2,BEDOK,1-room,
2020-Q2,BEDOK,2-room,
2020-Q2,BEDOK,3-room,275500
2020-Q2,BEDOK,4-room,395000
2020-Q2,BEDOK,5-room,560000
2020-Q2,BEDOK,Executive,
2020-Q2,BISHAN,1-room,
2020-Q2,BISHAN,2-room,
2020-Q2,BISHAN,3-room,
2020-Q2,BISHAN,4-room,555000
2020-Q2,BISHAN,5-room,
2020-Q2,BISHAN,Executive,
2020-Q2,BUKIT BATOK,1-room,
2020-Q2,BUKIT BATOK,2-room,
2020-Q2,BUKIT BATOK,3-room,260000
2020-Q2,BUKIT BATOK,4-room,343000
2020-Q2,BUKIT BATOK,5-room,
2020-Q2,BUKIT BATOK,Executive,
2020-Q2,BUKIT MERAH,1-room,
2020-Q2,BUKIT MERAH,2-room,
2020-Q2,BUKIT MERAH,3-room,327500
2020-Q2,BUKIT MERAH,4-room,668000
2020-Q2,BUKIT MERAH,5-room,725000
2020-Q2,BUKIT MERAH,Executive,
2020-Q2,BUKIT PANJANG,1-room,
2020-Q2,BUKIT PANJANG,2-room,
2020-Q2,BUKIT PANJANG,3-room,308000
2020-Q2,BUKIT PANJANG,4-room,419000
2020-Q2,BUKIT PANJANG,5-room,460000
2020-Q2,BUKIT PANJANG,Executive,
2020-Q2,BUKIT TIMAH,1-room,
2020-Q2,BUKIT TIMAH,2-room,
2020-Q2,BUKIT TIMAH,3-room,
2020-Q2,BUKIT TIMAH,4-room,
2020-Q2,BUKIT TIMAH,5-room,
2020-Q2,BUKIT TIMAH,Executive,
2020-Q2,CENTRAL AREA,1-room,
2020-Q2,CENTRAL AREA,2-room,
2020-Q2,CENTRAL AREA,4-room,
2020-Q2,CENTRAL AREA,5-room,
2020-Q2,CENTRAL AREA,Executive,
2020-Q2,CHOA CHU KANG,1-room,
2020-Q2,CHOA CHU KANG,2-room,
2020-Q2,CHOA CHU KANG,3-room,
2020-Q2,CHOA CHU KANG,4-room,360000
2020-Q2,CHOA CHU KANG,5-room,430000
2020-Q2,CHOA CHU KANG,Executive,512500
2020-Q2,CLEMENTI,1-room,
2020-Q2,CLEMENTI,2-room,
2020-Q2,CLEMENTI,3-room,290000
2020-Q2,CLEMENTI,4-room,449000
2020-Q2,CLEMENTI,5-room,
2020-Q2,CLEMENTI,Executive,
2020-Q2,GEYLANG,1-room,
2020-Q2,GEYLANG,2-room,
2020-Q2,GEYLANG,3-room,243000
2020-Q2,GEYLANG,4-room,427500
2020-Q2,GEYLANG,5-room,
2020-Q2,GEYLANG,Executive,
2020-Q2,HOUGANG,1-room,
2020-Q2,HOUGANG,2-room,
2020-Q2,HOUGANG,3-room,280000
2020-Q2,HOUGANG,4-room,396500
2020-Q2,HOUGANG,5-room,530000
2020-Q2,HOUGANG,Executive,
2020-Q2,JURONG EAST,1-room,
2020-Q2,JURONG EAST,2-room,
2020-Q2,JURONG EAST,3-room,262500
2020-Q2,JURONG EAST,4-room,368000
2020-Q2,JURONG EAST,5-room,540000
2020-Q2,JURONG EAST,Executive,
2020-Q2,JURONG WEST,1-room,
2020-Q2,JURONG WEST,2-room,
2020-Q2,JURONG WEST,3-room,260000
2020-Q2,JURONG WEST,4-room,347900
2020-Q2,JURONG WEST,5-room,430000
2020-Q2,JURONG WEST,Executive,530000
2020-Q2,KALLANG/WHAMPOA,1-room,
2020-Q2,KALLANG/WHAMPOA,2-room,
2020-Q2,KALLANG/WHAMPOA,3-room,280000
2020-Q2,KALLANG/WHAMPOA,4-room,525000
2020-Q2,KALLANG/WHAMPOA,5-room,
2020-Q2,KALLANG/WHAMPOA,Executive,
2020-Q2,MARINE PARADE,1-room,
2020-Q2,MARINE PARADE,2-room,
2020-Q2,MARINE PARADE,3-room,
2020-Q2,MARINE PARADE,4-room,
2020-Q2,MARINE PARADE,5-room,
2020-Q2,MARINE PARADE,Executive,
2020-Q2,PASIR RIS,1-room,
2020-Q2,PASIR RIS,2-room,
2020-Q2,PASIR RIS,3-room,
2020-Q2,PASIR RIS,4-room,420000
2020-Q2,PASIR RIS,5-room,500000
2020-Q2,PASIR RIS,Executive,586900
2020-Q2,PUNGGOL,1-room,
2020-Q2,PUNGGOL,2-room,
2020-Q2,PUNGGOL,3-room,356900
2020-Q2,PUNGGOL,4-room,465000
2020-Q2,PUNGGOL,5-room,495000
2020-Q2,PUNGGOL,Executive,
2020-Q2,QUEENSTOWN,1-room,
2020-Q2,QUEENSTOWN,2-room,
2020-Q2,QUEENSTOWN,3-room,298000
2020-Q2,QUEENSTOWN,4-room,768000
2020-Q2,QUEENSTOWN,5-room,
2020-Q2,QUEENSTOWN,Executive,
2020-Q2,SEMBAWANG,1-room,
2020-Q2,SEMBAWANG,2-room,
2020-Q2,SEMBAWANG,3-room,
2020-Q2,SEMBAWANG,4-room,354000
2020-Q2,SEMBAWANG,5-room,406000
2020-Q2,SEMBAWANG,Executive,
2020-Q2,SENGKANG,1-room,
2020-Q2,SENGKANG,2-room,
2020-Q2,SENGKANG,3-room,338500
2020-Q2,SENGKANG,4-room,421000
2020-Q2,SENGKANG,5-room,518000
2020-Q2,SENGKANG,Executive,565000
2020-Q2,SERANGOON,1-room,
2020-Q2,SERANGOON,2-room,
2020-Q2,SERANGOON,3-room,
2020-Q2,SERANGOON,4-room,458000
2020-Q2,SERANGOON,5-room,
2020-Q2,SERANGOON,Executive,
2020-Q2,TAMPINES,1-room,
2020-Q2,TAMPINES,2-room,
2020-Q2,TAMPINES,3-room,325000
2020-Q2,TAMPINES,4-room,425000
2020-Q2,TAMPINES,5-room,530000
2020-Q2,TAMPINES,Executive,
2020-Q2,TOA PAYOH,1-room,
2020-Q2,TOA PAYOH,2-room,
2020-Q2,TOA PAYOH,3-room,250000
2020-Q2,TOA PAYOH,4-room,571500
2020-Q2,TOA PAYOH,5-room,682000
2020-Q2,TOA PAYOH,Executive,
2020-Q2,WOODLANDS,1-room,
2020-Q2,WOODLANDS,2-room,
2020-Q2,WOODLANDS,3-room,245000
2020-Q2,WOODLANDS,4-room,335000
2020-Q2,WOODLANDS,5-room,405000
2020-Q2,WOODLANDS,Executive,580000
2020-Q2,YISHUN,1-room,
2020-Q2,YISHUN,2-room,
2020-Q2,YISHUN,3-room,265000
2020-Q2,YISHUN,4-room,379000
2020-Q2,YISHUN,5-room,485000
2020-Q2,YISHUN,Executive,
2020-Q3,ANG MO KIO,1-room,
2020-Q3,ANG MO KIO,2-room,
2020-Q3,ANG MO KIO,3-room,277000
2020-Q3,ANG MO KIO,4-room,415000
2020-Q3,ANG MO KIO,5-room,636000
2020-Q3,ANG MO KIO,Executive,
2020-Q3,BEDOK,1-room,
2020-Q3,BEDOK,2-room,
2020-Q3,BEDOK,3-room,275000
2020-Q3,BEDOK,4-room,385000
2020-Q3,BEDOK,5-room,560000
2020-Q3,BEDOK,Executive,730000
2020-Q3,BISHAN,1-room,
2020-Q3,BISHAN,2-room,
2020-Q3,BISHAN,3-room,
2020-Q3,BISHAN,4-room,530000
2020-Q3,BISHAN,5-room,760000
2020-Q3,BISHAN,Executive,
2020-Q3,BUKIT BATOK,1-room,
2020-Q3,BUKIT BATOK,2-room,
2020-Q3,BUKIT BATOK,3-room,266000
2020-Q3,BUKIT BATOK,4-room,365500
2020-Q3,BUKIT BATOK,5-room,525000
2020-Q3,BUKIT BATOK,Executive,578000
2020-Q3,BUKIT MERAH,1-room,
2020-Q3,BUKIT MERAH,2-room,
2020-Q3,BUKIT MERAH,3-room,310000
2020-Q3,BUKIT MERAH,4-room,661400
2020-Q3,BUKIT MERAH,5-room,760000
2020-Q3,BUKIT MERAH,Executive,
2020-Q3,BUKIT PANJANG,1-room,
2020-Q3,BUKIT PANJANG,2-room,
2020-Q3,BUKIT PANJANG,3-room,316500
2020-Q3,BUKIT PANJANG,4-room,415000
2020-Q3,BUKIT PANJANG,5-room,520900
2020-Q3,BUKIT PANJANG,Executive,608000
2020-Q3,BUKIT TIMAH,1-room,
2020-Q3,BUKIT TIMAH,2-room,
2020-Q3,BUKIT TIMAH,3-room,
2020-Q3,BUKIT TIMAH,4-room,
2020-Q3,BUKIT TIMAH,5-room,
2020-Q3,BUKIT TIMAH,Executive,
2020-Q3,CENTRAL AREA,1-room,
2020-Q3,CENTRAL AREA,2-room,
2020-Q3,CENTRAL AREA,3-room,400000
2020-Q3,CENTRAL AREA,4-room,710000
2020-Q3,CENTRAL AREA,5-room,
2020-Q3,CENTRAL AREA,Executive,
2020-Q3,CHOA CHU KANG,1-room,
2020-Q3,CHOA CHU KANG,2-room,
2020-Q3,CHOA CHU KANG,3-room,308000
2020-Q3,CHOA CHU KANG,4-room,386500
2020-Q3,CHOA CHU KANG,5-room,440000
2020-Q3,CHOA CHU KANG,Executive,538900
2020-Q3,CLEMENTI,1-room,
2020-Q3,CLEMENTI,2-room,
2020-Q3,CLEMENTI,3-room,295000
2020-Q3,CLEMENTI,4-room,500000
2020-Q3,CLEMENTI,5-room,842500
2020-Q3,CLEMENTI,Executive,
2020-Q3,GEYLANG,1-room,
2020-Q3,GEYLANG,2-room,
2020-Q3,GEYLANG,3-room,259500
2020-Q3,GEYLANG,4-room,545000
2020-Q3,GEYLANG,5-room,689000
2020-Q3,GEYLANG,Executive,
2020-Q3,HOUGANG,1-room,
2020-Q3,HOUGANG,2-room,
2020-Q3,HOUGANG,3-room,290000
2020-Q3,HOUGANG,4-room,393000
2020-Q3,HOUGANG,5-room,537900
2020-Q3,HOUGANG,Executive,657000
2020-Q3,JURONG EAST,1-room,
2020-Q3,JURONG EAST,2-room,
2020-Q3,JURONG EAST,3-room,280000
2020-Q3,JURONG EAST,4-room,400000
2020-Q3,JURONG EAST,5-room,471500
2020-Q3,JURONG EAST,Executive,
2020-Q3,JURONG WEST,1-room,
2020-Q3,JURONG WEST,2-room,
2020-Q3,JURONG WEST,3-room,265000
2020-Q3,JURONG WEST,4-room,360000
2020-Q3,JURONG WEST,5-room,448000
2020-Q3,JURONG WEST,Executive,548500
2020-Q3,KALLANG/WHAMPOA,1-room,
2020-Q3,KALLANG/WHAMPOA,2-room,
2020-Q3,KALLANG/WHAMPOA,3-room,283900
2020-Q3,KALLANG/WHAMPOA,4-room,515000
2020-Q3,KALLANG/WHAMPOA,5-room,663500
2020-Q3,KALLANG/WHAMPOA,Executive,
2020-Q3,MARINE PARADE,1-room,
2020-Q3,MARINE PARADE,2-room,
2020-Q3,MARINE PARADE,3-room,375000
2020-Q3,MARINE PARADE,4-room,
2020-Q3,MARINE PARADE,5-room,
2020-Q3,MARINE PARADE,Executive,
2020-Q3,PASIR RIS,1-room,
2020-Q3,PASIR RIS,2-room,
2020-Q3,PASIR RIS,3-room,
2020-Q3,PASIR RIS,4-room,428000
2020-Q3,PASIR RIS,5-room,495000
2020-Q3,PASIR RIS,Executive,605000
2020-Q3,PUNGGOL,1-room,
2020-Q3,PUNGGOL,2-room,245500
2020-Q3,PUNGGOL,3-room,360000
2020-Q3,PUNGGOL,4-room,465000
2020-Q3,PUNGGOL,5-room,560000
2020-Q3,PUNGGOL,Executive,
2020-Q3,QUEENSTOWN,1-room,
2020-Q3,QUEENSTOWN,2-room,
2020-Q3,QUEENSTOWN,3-room,320400
2020-Q3,QUEENSTOWN,4-room,783500
2020-Q3,QUEENSTOWN,5-room,
2020-Q3,QUEENSTOWN,Executive,
2020-Q3,SEMBAWANG,1-room,
2020-Q3,SEMBAWANG,2-room,
2020-Q3,SEMBAWANG,3-room,
2020-Q3,SEMBAWANG,4-room,360000
2020-Q3,SEMBAWANG,5-room,410000
2020-Q3,SEMBAWANG,Executive,480000
2020-Q3,SENGKANG,1-room,
2020-Q3,SENGKANG,2-room,
2020-Q3,SENGKANG,3-room,350000
2020-Q3,SENGKANG,4-room,435000
2020-Q3,SENGKANG,5-room,475000
2020-Q3,SENGKANG,Executive,570000
2020-Q3,SERANGOON,1-room,
2020-Q3,SERANGOON,2-room,
2020-Q3,SERANGOON,3-room,326200
2020-Q3,SERANGOON,4-room,425000
2020-Q3,SERANGOON,5-room,590000
2020-Q3,SERANGOON,Executive,
2020-Q3,TAMPINES,1-room,
2020-Q3,TAMPINES,2-room,
2020-Q3,TAMPINES,3-room,322500
2020-Q3,TAMPINES,4-room,430100
2020-Q3,TAMPINES,5-room,522000
2020-Q3,TAMPINES,Executive,685000
2020-Q3,TOA PAYOH,1-room,
2020-Q3,TOA PAYOH,2-room,
2020-Q3,TOA PAYOH,3-room,250000
2020-Q3,TOA PAYOH,4-room,550000
2020-Q3,TOA PAYOH,5-room,720000
2020-Q3,TOA PAYOH,Executive,
2020-Q3,WOODLANDS,1-room,
2020-Q3,WOODLANDS,2-room,
2020-Q3,WOODLANDS,3-room,255000
2020-Q3,WOODLANDS,4-room,350000
2020-Q3,WOODLANDS,5-room,425000
2020-Q3,WOODLANDS,Executive,580000
2020-Q3,YISHUN,1-room,
2020-Q3,YISHUN,2-room,
2020-Q3,YISHUN,3-room,280000
2020-Q3,YISHUN,4-room,365300
2020-Q3,YISHUN,5-room,480000
2020-Q3,YISHUN,Executive,
2020-Q4,ANG MO KIO,1-room,
2020-Q4,ANG MO KIO,2-room,
2020-Q4,ANG MO KIO,3-room,300000
2020-Q4,ANG MO KIO,4-room,405400
2020-Q4,ANG MO KIO,5-room,690000
2020-Q4,ANG MO KIO,Executive,
2020-Q4,BEDOK,1-room,
2020-Q4,BEDOK,2-room,
2020-Q4,BEDOK,3-room,290000
2020-Q4,BEDOK,4-room,410000
2020-Q4,BEDOK,5-room,589000
2020-Q4,BEDOK,Executive,
2020-Q4,BISHAN,1-room,
2020-Q4,BISHAN,2-room,
2020-Q4,BISHAN,3-room,367000
2020-Q4,BISHAN,4-room,520000
2020-Q4,BISHAN,5-room,718000
2020-Q4,BISHAN,Executive,900000
2020-Q4,BUKIT BATOK,1-room,
2020-Q4,BUKIT BATOK,2-room,
2020-Q4,BUKIT BATOK,3-room,277000
2020-Q4,BUKIT BATOK,4-room,385000
2020-Q4,BUKIT BATOK,5-room,535000
2020-Q4,BUKIT BATOK,Executive,649400
2020-Q4,BUKIT MERAH,1-room,
2020-Q4,BUKIT MERAH,2-room,
2020-Q4,BUKIT MERAH,3-room,329000
2020-Q4,BUKIT MERAH,4-room,680000
2020-Q4,BUKIT MERAH,5-room,745000
2020-Q4,BUKIT MERAH,Executive,
2020-Q4,BUKIT PANJANG,1-room,
2020-Q4,BUKIT PANJANG,2-room,
2020-Q4,BUKIT PANJANG,3-room,315000
2020-Q4,BUKIT PANJANG,4-room,427000
2020-Q4,BUKIT PANJANG,5-room,530000
2020-Q4,BUKIT PANJANG,Executive,642500
2020-Q4,BUKIT TIMAH,1-room,
2020-Q4,BUKIT TIMAH,2-room,
2020-Q4,BUKIT TIMAH,3-room,
2020-Q4,BUKIT TIMAH,4-room,
2020-Q4,BUKIT TIMAH,5-room,
2020-Q4,BUKIT TIMAH,Executive,
2020-Q4,CENTRAL AREA,1-room,
2020-Q4,CENTRAL AREA,2-room,
2020-Q4,CENTRAL AREA,3-room,421000
2020-Q4,CENTRAL AREA,4-room,636500
2020-Q4,CENTRAL AREA,5-room,
2020-Q4,CENTRAL AREA,Executive,
2020-Q4,CHOA CHU KANG,1-room,
2020-Q4,CHOA CHU KANG,2-room,
2020-Q4,CHOA CHU KANG,3-room,335000
2020-Q4,CHOA CHU KANG,4-room,400000
2020-Q4,CHOA CHU KANG,5-room,477500
2020-Q4,CHOA CHU KANG,Executive,554500
2020-Q4,CLEMENTI,1-room,
2020-Q4,CLEMENTI,2-room,
2020-Q4,CLEMENTI,3-room,327000
2020-Q4,CLEMENTI,4-room,497500
2020-Q4,CLEMENTI,5-room,690000
2020-Q4,CLEMENTI,Executive,
2020-Q4,GEYLANG,1-room,
2020-Q4,GEYLANG,2-room,
2020-Q4,GEYLANG,3-room,278500
2020-Q4,GEYLANG,4-room,635000
2020-Q4,GEYLANG,5-room,
2020-Q4,GEYLANG,Executive,
2020-Q4,HOUGANG,1-room,
2020-Q4,HOUGANG,2-room,
2020-Q4,HOUGANG,3-room,292000
2020-Q4,HOUGANG,4-room,410000
2020-Q4,HOUGANG,5-room,521500
2020-Q4,HOUGANG,Executive,672800
2020-Q4,JURONG EAST,1-room,
2020-Q4,JURONG EAST,2-room,
2020-Q4,JURONG EAST,3-room,299000
2020-Q4,JURONG EAST,4-room,422500
2020-Q4,JURONG EAST,5-room,524000
2020-Q4,JURONG EAST,Executive,640000
2020-Q4,JURONG WEST,1-room,
2020-Q4,JURONG WEST,2-room,
2020-Q4,JURONG WEST,3-room,280000
2020-Q4,JURONG WEST,4-room,375000
2020-Q4,JURONG WEST,5-room,468000
2020-Q4,JURONG WEST,Executive,580000
2020-Q4,KALLANG/WHAMPOA,1-room,
2020-Q4,KALLANG/WHAMPOA,2-room,
2020-Q4,KALLANG/WHAMPOA,3-room,303000
2020-Q4,KALLANG/WHAMPOA,4-room,552500
2020-Q4,KALLANG/WHAMPOA,5-room,654000
2020-Q4,KALLANG/WHAMPOA,Executive,
2020-Q4,MARINE PARADE,1-room,
2020-Q4,MARINE PARADE,2-room,
2020-Q4,MARINE PARADE,3-room,354000
2020-Q4,MARINE PARADE,4-room,
2020-Q4,MARINE PARADE,5-room,
2020-Q4,MARINE PARADE,Executive,
2020-Q4,PASIR RIS,1-room,
2020-Q4,PASIR RIS,2-room,
2020-Q4,PASIR RIS,3-room,
2020-Q4,PASIR RIS,4-room,450000
2020-Q4,PASIR RIS,5-room,511400
2020-Q4,PASIR RIS,Executive,637500
2020-Q4,PUNGGOL,1-room,
2020-Q4,PUNGGOL,2-room,
2020-Q4,PUNGGOL,3-room,374500
2020-Q4,PUNGGOL,4-room,475500
2020-Q4,PUNGGOL,5-room,549400
2020-Q4,PUNGGOL,Executive,
2020-Q4,QUEENSTOWN,1-room,
2020-Q4,QUEENSTOWN,2-room,
2020-Q4,QUEENSTOWN,3-room,328000
2020-Q4,QUEENSTOWN,4-room,792500
2020-Q4,QUEENSTOWN,5-room,917500
2020-Q4,QUEENSTOWN,Executive,
2020-Q4,SEMBAWANG,1-room,
2020-Q4,SEMBAWANG,2-room,
2020-Q4,SEMBAWANG,3-room,
2020-Q4,SEMBAWANG,4-room,370000
2020-Q4,SEMBAWANG,5-room,422000
2020-Q4,SEMBAWANG,Executive,500000
2020-Q4,SENGKANG,1-room,
2020-Q4,SENGKANG,2-room,
2020-Q4,SENGKANG,3-room,352400
2020-Q4,SENGKANG,4-room,435000
2020-Q4,SENGKANG,5-room,497000
2020-Q4,SENGKANG,Executive,576000
2020-Q4,SERANGOON,1-room,
2020-Q4,SERANGOON,2-room,
2020-Q4,SERANGOON,3-room,308900
2020-Q4,SERANGOON,4-room,438000
2020-Q4,SERANGOON,5-room,546000
2020-Q4,SERANGOON,Executive,738000
2020-Q4,TAMPINES,1-room,
2020-Q4,TAMPINES,2-room,
2020-Q4,TAMPINES,3-room,335000
2020-Q4,TAMPINES,4-room,435000
2020-Q4,TAMPINES,5-room,545000
2020-Q4,TAMPINES,Executive,681000
2020-Q4,TOA PAYOH,1-room,
2020-Q4,TOA PAYOH,2-room,
2020-Q4,TOA PAYOH,3-room,268000
2020-Q4,TOA PAYOH,4-room,566000
2020-Q4,TOA PAYOH,5-room,757500
2020-Q4,TOA PAYOH,Executive,
2020-Q4,WOODLANDS,1-room,
2020-Q4,WOODLANDS,2-room,
2020-Q4,WOODLANDS,3-room,265000
2020-Q4,WOODLANDS,4-room,374000
2020-Q4,WOODLANDS,5-room,445000
2020-Q4,WOODLANDS,Executive,639000
2020-Q4,YISHUN,1-room,
2020-Q4,YISHUN,2-room,
2020-Q4,YISHUN,3-room,295000
2020-Q4,YISHUN,4-room,400000
2020-Q4,YISHUN,5-room,509000
2020-Q4,YISHUN,Executive,618000
2021-Q1,ANG MO KIO,1-room,
2021-Q1,ANG MO KIO,2-room,
2021-Q1,ANG MO KIO,3-room,305000
2021-Q1,ANG MO KIO,4-room,432500
2021-Q1,ANG MO KIO,5-room,670000
2021-Q1,ANG MO KIO,Executive,
2021-Q1,BEDOK,1-room,
2021-Q1,BEDOK,2-room,
2021-Q1,BEDOK,3-room,306500
2021-Q1,BEDOK,4-room,435000
2021-Q1,BEDOK,5-room,604000
2021-Q1,BEDOK,Executive,743000
2021-Q1,BISHAN,1-room,
2021-Q1,BISHAN,2-room,
2021-Q1,BISHAN,3-room,
2021-Q1,BISHAN,4-room,550000
2021-Q1,BISHAN,5-room,757500
2021-Q1,BISHAN,Executive,
2021-Q1,BUKIT BATOK,1-room,
2021-Q1,BUKIT BATOK,2-room,
2021-Q1,BUKIT BATOK,3-room,296500
2021-Q1,BUKIT BATOK,4-room,419000
2021-Q1,BUKIT BATOK,5-room,553000
2021-Q1,BUKIT BATOK,Executive,665000
2021-Q1,BUKIT MERAH,1-room,
2021-Q1,BUKIT MERAH,2-room,
2021-Q1,BUKIT MERAH,3-room,347500
2021-Q1,BUKIT MERAH,4-room,728400
2021-Q1,BUKIT MERAH,5-room,821500
2021-Q1,BUKIT MERAH,Executive,
2021-Q1,BUKIT PANJANG,1-room,
2021-Q1,BUKIT PANJANG,2-room,
2021-Q1,BUKIT PANJANG,3-room,336500
2021-Q1,BUKIT PANJANG,4-room,438900
2021-Q1,BUKIT PANJANG,5-room,528000
2021-Q1,BUKIT PANJANG,Executive,680000
2021-Q1,BUKIT TIMAH,1-room,
2021-Q1,BUKIT TIMAH,2-room,
2021-Q1,BUKIT TIMAH,3-room,
2021-Q1,BUKIT TIMAH,4-room,
2021-Q1,BUKIT TIMAH,5-room,
2021-Q1,BUKIT TIMAH,Executive,
2021-Q1,CENTRAL AREA,1-room,
2021-Q1,CENTRAL AREA,2-room,
2021-Q1,CENTRAL AREA,3-room,420000
2021-Q1,CENTRAL AREA,4-room,910000
2021-Q1,CENTRAL AREA,5-room,
2021-Q1,CENTRAL AREA,Executive,
2021-Q1,CHOA CHU KANG,1-room,
2021-Q1,CHOA CHU KANG,2-room,
2021-Q1,CHOA CHU KANG,3-room,347500
2021-Q1,CHOA CHU KANG,4-room,435000
2021-Q1,CHOA CHU KANG,5-room,490000
2021-Q1,CHOA CHU KANG,Executive,580000
2021-Q1,CLEMENTI,1-room,
2021-Q1,CLEMENTI,2-room,
2021-Q1,CLEMENTI,3-room,330000
2021-Q1,CLEMENTI,4-room,560000
2021-Q1,CLEMENTI,5-room,890000
2021-Q1,CLEMENTI,Executive,
2021-Q1,GEYLANG,1-room,
2021-Q1,GEYLANG,2-room,
2021-Q1,GEYLANG,3-room,276500
2021-Q1,GEYLANG,4-room,540000
2021-Q1,GEYLANG,5-room,700000
2021-Q1,GEYLANG,Executive,
2021-Q1,HOUGANG,1-room,
2021-Q1,HOUGANG,2-room,
2021-Q1,HOUGANG,3-room,312000
2021-Q1,HOUGANG,4-room,420000
2021-Q1,HOUGANG,5-room,542500
2021-Q1,HOUGANG,Executive,689600
2021-Q1,JURONG EAST,1-room,
2021-Q1,JURONG EAST,2-room,
2021-Q1,JURONG EAST,3-room,333000
2021-Q1,JURONG EAST,4-room,420300
2021-Q1,JURONG EAST,5-room,564000
2021-Q1,JURONG EAST,Executive,660000
2021-Q1,JURONG WEST,1-room,
2021-Q1,JURONG WEST,2-room,
2021-Q1,JURONG WEST,3-room,282500
2021-Q1,JURONG WEST,4-room,400000
2021-Q1,JURONG WEST,5-room,480000
2021-Q1,JURONG WEST,Executive,565000
2021-Q1,KALLANG/WHAMPOA,1-room,
2021-Q1,KALLANG/WHAMPOA,2-room,
2021-Q1,KALLANG/WHAMPOA,3-room,308000
2021-Q1,KALLANG/WHAMPOA,4-room,577500
2021-Q1,KALLANG/WHAMPOA,5-room,718900
2021-Q1,KALLANG/WHAMPOA,Executive,
2021-Q1,MARINE PARADE,1-room,
2021-Q1,MARINE PARADE,2-room,
2021-Q1,MARINE PARADE,3-room,
2021-Q1,MARINE PARADE,4-room,
2021-Q1,MARINE PARADE,5-room,
2021-Q1,MARINE PARADE,Executive,
2021-Q1,PASIR RIS,1-room,
2021-Q1,PASIR RIS,2-room,
2021-Q1,PASIR RIS,3-room,
2021-Q1,PASIR RIS,4-room,451000
2021-Q1,PASIR RIS,5-room,527500
2021-Q1,PASIR RIS,Executive,657500
2021-Q1,PUNGGOL,1-room,
2021-Q1,PUNGGOL,2-room,
2021-Q1,PUNGGOL,3-room,379000
2021-Q1,PUNGGOL,4-room,480000
2021-Q1,PUNGGOL,5-room,591900
2021-Q1,PUNGGOL,Executive,
2021-Q1,QUEENSTOWN,1-room,
2021-Q1,QUEENSTOWN,2-room,
2021-Q1,QUEENSTOWN,3-room,360000
2021-Q1,QUEENSTOWN,4-room,790000
2021-Q1,QUEENSTOWN,5-room,820000
2021-Q1,QUEENSTOWN,Executive,
2021-Q1,SEMBAWANG,1-room,
2021-Q1,SEMBAWANG,2-room,
2021-Q1,SEMBAWANG,3-room,
2021-Q1,SEMBAWANG,4-room,399000
2021-Q1,SEMBAWANG,5-room,452500
2021-Q1,SEMBAWANG,Executive,535000
2021-Q1,SENGKANG,1-room,
2021-Q1,SENGKANG,2-room,
2021-Q1,SENGKANG,3-room,368000
2021-Q1,SENGKANG,4-room,450000
2021-Q1,SENGKANG,5-room,514000
2021-Q1,SENGKANG,Executive,610000
2021-Q1,SERANGOON,1-room,
2021-Q1,SERANGOON,2-room,
2021-Q1,SERANGOON,3-room,350000
2021-Q1,SERANGOON,4-room,450400
2021-Q1,SERANGOON,5-room,557900
2021-Q1,SERANGOON,Executive,731500
2021-Q1,TAMPINES,1-room,
2021-Q1,TAMPINES,2-room,
2021-Q1,TAMPINES,3-room,350000
2021-Q1,TAMPINES,4-room,450000
2021-Q1,TAMPINES,5-room,555000
2021-Q1,TAMPINES,Executive,689000
2021-Q1,TOA PAYOH,1-room,
2021-Q1,TOA PAYOH,2-room,
2021-Q1,TOA PAYOH,3-room,280000
2021-Q1,TOA PAYOH,4-room,603500
2021-Q1,TOA PAYOH,5-room,808000
2021-Q1,TOA PAYOH,Executive,
2021-Q1,WOODLANDS,1-room,
2021-Q1,WOODLANDS,2-room,
2021-Q1,WOODLANDS,3-room,290000
2021-Q1,WOODLANDS,4-room,380000
2021-Q1,WOODLANDS,5-room,465000
2021-Q1,WOODLANDS,Executive,630000
2021-Q1,YISHUN,1-room,
2021-Q1,YISHUN,2-room,
2021-Q1,YISHUN,3-room,305000
2021-Q1,YISHUN,4-room,412000
2021-Q1,YISHUN,5-room,514000
2021-Q1,YISHUN,Executive,625000
2021-Q2,ANG MO KIO,1-room,
2021-Q2,ANG MO KIO,2-room,
2021-Q2,ANG MO KIO,3-room,322000
2021-Q2,ANG MO KIO,4-room,438000
2021-Q2,ANG MO KIO,5-room,600000
2021-Q2,ANG MO KIO,Executive,
2021-Q2,BEDOK,1-room,
2021-Q2,BEDOK,2-room,
2021-Q2,BEDOK,3-room,310000
2021-Q2,BEDOK,4-room,430000
2021-Q2,BEDOK,5-room,609500
2021-Q2,BEDOK,Executive,777800
2021-Q2,BISHAN,1-room,
2021-Q2,BISHAN,2-room,
2021-Q2,BISHAN,3-room,
2021-Q2,BISHAN,4-room,545000
2021-Q2,BISHAN,5-room,760000
2021-Q2,BISHAN,Executive,
2021-Q2,BUKIT BATOK,1-room,
2021-Q2,BUKIT BATOK,2-room,
2021-Q2,BUKIT BATOK,3-room,313000
2021-Q2,BUKIT BATOK,4-room,417500
2021-Q2,BUKIT BATOK,5-room,591500
2021-Q2,BUKIT BATOK,Executive,681500
2021-Q2,BUKIT MERAH,1-room,
2021-Q2,BUKIT MERAH,2-room,
2021-Q2,BUKIT MERAH,3-room,357000
2021-Q2,BUKIT MERAH,4-room,760000
2021-Q2,BUKIT MERAH,5-room,816000
2021-Q2,BUKIT MERAH,Executive,
2021-Q2,BUKIT PANJANG,1-room,
2021-Q2,BUKIT PANJANG,2-room,
2021-Q2,BUKIT PANJANG,3-room,328000
2021-Q2,BUKIT PANJANG,4-room,450000
2021-Q2,BUKIT PANJANG,5-room,530000
2021-Q2,BUKIT PANJANG,Executive,687500
2021-Q2,BUKIT TIMAH,1-room,
2021-Q2,BUKIT TIMAH,2-room,
2021-Q2,BUKIT TIMAH,3-room,
2021-Q2,BUKIT TIMAH,4-room,
2021-Q2,BUKIT TIMAH,5-room,
2021-Q2,BUKIT TIMAH,Executive,
2021-Q2,CENTRAL AREA,1-room,
2021-Q2,CENTRAL AREA,2-room,
2021-Q2,CENTRAL AREA,3-room,
2021-Q2,CENTRAL AREA,4-room,941000
2021-Q2,CENTRAL AREA,5-room,
2021-Q2,CENTRAL AREA,Executive,
2021-Q2,CHOA CHU KANG,1-room,
2021-Q2,CHOA CHU KANG,2-room,
2021-Q2,CHOA CHU KANG,3-room,360000
2021-Q2,CHOA CHU KANG,4-room,460000
2021-Q2,CHOA CHU KANG,5-room,537000
2021-Q2,CHOA CHU KANG,Executive,600000
2021-Q2,CLEMENTI,1-room,
2021-Q2,CLEMENTI,2-room,
2021-Q2,CLEMENTI,3-room,340000
2021-Q2,CLEMENTI,4-room,695000
2021-Q2,CLEMENTI,5-room,690000
2021-Q2,CLEMENTI,Executive,
2021-Q2,GEYLANG,1-room,
2021-Q2,GEYLANG,2-room,
2021-Q2,GEYLANG,3-room,307000
2021-Q2,GEYLANG,4-room,565000
2021-Q2,GEYLANG,5-room,688000
2021-Q2,GEYLANG,Executive,
2021-Q2,HOUGANG,1-room,
2021-Q2,HOUGANG,2-room,
2021-Q2,HOUGANG,3-room,320000
2021-Q2,HOUGANG,4-room,435500
2021-Q2,HOUGANG,5-room,573500
2021-Q2,HOUGANG,Executive,740000
2021-Q2,JURONG EAST,1-room,
2021-Q2,JURONG EAST,2-room,
2021-Q2,JURONG EAST,3-room,328500
2021-Q2,JURONG EAST,4-room,429000
2021-Q2,JURONG EAST,5-room,528000
2021-Q2,JURONG EAST,Executive,760000
2021-Q2,JURONG WEST,1-room,
2021-Q2,JURONG WEST,2-room,
2021-Q2,JURONG WEST,3-room,298000
2021-Q2,JURONG WEST,4-room,418000
2021-Q2,JURONG WEST,5-room,501900
2021-Q2,JURONG WEST,Executive,590000
2021-Q2,KALLANG/WHAMPOA,1-room,
2021-Q2,KALLANG/WHAMPOA,2-room,
2021-Q2,KALLANG/WHAMPOA,3-room,320000
2021-Q2,KALLANG/WHAMPOA,4-room,685000
2021-Q2,KALLANG/WHAMPOA,5-room,780000
2021-Q2,KALLANG/WHAMPOA,Executive,
2021-Q2,MARINE PARADE,1-room,
2021-Q2,MARINE PARADE,2-room,
2021-Q2,MARINE PARADE,3-room,
2021-Q2,MARINE PARADE,4-room,
2021-Q2,MARINE PARADE,5-room,796000
2021-Q2,MARINE PARADE,Executive,
2021-Q2,PASIR RIS,1-room,
2021-Q2,PASIR RIS,2-room,
2021-Q2,PASIR RIS,3-room,
2021-Q2,PASIR RIS,4-room,459000
2021-Q2,PASIR RIS,5-room,542000
2021-Q2,PASIR RIS,Executive,688400
2021-Q2,PUNGGOL,1-room,
2021-Q2,PUNGGOL,2-room,
2021-Q2,PUNGGOL,3-room,393000
2021-Q2,PUNGGOL,4-room,488000
2021-Q2,PUNGGOL,5-room,585000
2021-Q2,PUNGGOL,Executive,
2021-Q2,QUEENSTOWN,1-room,
2021-Q2,QUEENSTOWN,2-room,
2021-Q2,QUEENSTOWN,3-room,358000
2021-Q2,QUEENSTOWN,4-room,800000
2021-Q2,QUEENSTOWN,5-room,932500
2021-Q2,QUEENSTOWN,Executive,
2021-Q2,SEMBAWANG,1-room,
2021-Q2,SEMBAWANG,2-room,
2021-Q2,SEMBAWANG,3-room,
2021-Q2,SEMBAWANG,4-room,410000
2021-Q2,SEMBAWANG,5-room,470900
2021-Q2,SEMBAWANG,Executive,
2021-Q2,SENGKANG,1-room,
2021-Q2,SENGKANG,2-room,
2021-Q2,SENGKANG,3-room,372000
2021-Q2,SENGKANG,4-room,465000
2021-Q2,SENGKANG,5-room,515900
2021-Q2,SENGKANG,Executive,598000
2021-Q2,SERANGOON,1-room,
2021-Q2,SERANGOON,2-room,
2021-Q2,SERANGOON,3-room,
2021-Q2,SERANGOON,4-room,465000
2021-Q2,SERANGOON,5-room,612900
2021-Q2,SERANGOON,Executive,875500
2021-Q2,TAMPINES,1-room,
2021-Q2,TAMPINES,2-room,
2021-Q2,TAMPINES,3-room,353000
2021-Q2,TAMPINES,4-room,466000
2021-Q2,TAMPINES,5-room,580000
2021-Q2,TAMPINES,Executive,726500
2021-Q2,TOA PAYOH,1-room,
2021-Q2,TOA PAYOH,2-room,
2021-Q2,TOA PAYOH,3-room,280000
2021-Q2,TOA PAYOH,4-room,655000
2021-Q2,TOA PAYOH,5-room,760400
2021-Q2,TOA PAYOH,Executive,
2021-Q2,WOODLANDS,1-room,
2021-Q2,WOODLANDS,2-room,
2021-Q2,WOODLANDS,3-room,295000
2021-Q2,WOODLANDS,4-room,406000
2021-Q2,WOODLANDS,5-room,485000
2021-Q2,WOODLANDS,Executive,645000
2021-Q2,YISHUN,1-room,
2021-Q2,YISHUN,2-room,
2021-Q2,YISHUN,3-room,325000
2021-Q2,YISHUN,4-room,426500
2021-Q2,YISHUN,5-room,542500
2021-Q2,YISHUN,Executive,630000
2021-Q3,ANG MO KIO,1-room,
2021-Q3,ANG MO KIO,2-room,
2021-Q3,ANG MO KIO,3-room,330000
2021-Q3,ANG MO KIO,4-room,458000
2021-Q3,ANG MO KIO,5-room,655000
2021-Q3,ANG MO KIO,Executive,
2021-Q3,BEDOK,1-room,
2021-Q3,BEDOK,2-room,
2021-Q3,BEDOK,3-room,318000
2021-Q3,BEDOK,4-room,452500
2021-Q3,BEDOK,5-room,600000
2021-Q3,BEDOK,Executive,
2021-Q3,BISHAN,1-room,
2021-Q3,BISHAN,2-room,
2021-Q3,BISHAN,3-room,
2021-Q3,BISHAN,4-room,570000
2021-Q3,BISHAN,5-room,790000
2021-Q3,BISHAN,Executive,
2021-Q3,BUKIT BATOK,1-room,
2021-Q3,BUKIT BATOK,2-room,
2021-Q3,BUKIT BATOK,3-room,319000
2021-Q3,BUKIT BATOK,4-room,457500
2021-Q3,BUKIT BATOK,5-room,640000
2021-Q3,BUKIT BATOK,Executive,
2021-Q3,BUKIT MERAH,1-room,
2021-Q3,BUKIT MERAH,2-room,
2021-Q3,BUKIT MERAH,3-room,350000
2021-Q3,BUKIT MERAH,4-room,760000
2021-Q3,BUKIT MERAH,5-room,822500
2021-Q3,BUKIT MERAH,Executive,
2021-Q3,BUKIT PANJANG,1-room,
2021-Q3,BUKIT PANJANG,2-room,
2021-Q3,BUKIT PANJANG,3-room,331000
2021-Q3,BUKIT PANJANG,4-room,448500
2021-Q3,BUKIT PANJANG,5-room,562500
2021-Q3,BUKIT PANJANG,Executive,700000
2021-Q3,BUKIT TIMAH,1-room,
2021-Q3,BUKIT TIMAH,2-room,
2021-Q3,BUKIT TIMAH,3-room,
2021-Q3,BUKIT TIMAH,4-room,
2021-Q3,BUKIT TIMAH,5-room,
2021-Q3,BUKIT TIMAH,Executive,
2021-Q3,CENTRAL AREA,1-room,
2021-Q3,CENTRAL AREA,2-room,
2021-Q3,CENTRAL AREA,3-room,420000
2021-Q3,CENTRAL AREA,4-room,950000
2021-Q3,CENTRAL AREA,5-room,
2021-Q3,CENTRAL AREA,Executive,
2021-Q3,CHOA CHU KANG,1-room,
2021-Q3,CHOA CHU KANG,2-room,
2021-Q3,CHOA CHU KANG,3-room,380000
2021-Q3,CHOA CHU KANG,4-room,460000
2021-Q3,CHOA CHU KANG,5-room,551000
2021-Q3,CHOA CHU KANG,Executive,620000
2021-Q3,CLEMENTI,1-room,
2021-Q3,CLEMENTI,2-room,
2021-Q3,CLEMENTI,3-room,349000
2021-Q3,CLEMENTI,4-room,728000
2021-Q3,CLEMENTI,5-room,798000
2021-Q3,CLEMENTI,Executive,
2021-Q3,GEYLANG,1-room,
2021-Q3,GEYLANG,2-room,
2021-Q3,GEYLANG,3-room,292500
2021-Q3,GEYLANG,4-room,638000
2021-Q3,GEYLANG,5-room,660000
2021-Q3,GEYLANG,Executive,
2021-Q3,HOUGANG,1-room,
2021-Q3,HOUGANG,2-room,
2021-Q3,HOUGANG,3-room,330000
2021-Q3,HOUGANG,4-room,450000
2021-Q3,HOUGANG,5-room,580000
2021-Q3,HOUGANG,Executive,725000
2021-Q3,JURONG EAST,1-room,
2021-Q3,JURONG EAST,2-room,
2021-Q3,JURONG EAST,3-room,327800
2021-Q3,JURONG EAST,4-room,445000
2021-Q3,JURONG EAST,5-room,575000
2021-Q3,JURONG EAST,Executive,755000
2021-Q3,JURONG WEST,1-room,
2021-Q3,JURONG WEST,2-room,
2021-Q3,JURONG WEST,3-room,292000
2021-Q3,JURONG WEST,4-room,435000
2021-Q3,JURONG WEST,5-room,516000
2021-Q3,JURONG WEST,Executive,620000
2021-Q3,KALLANG/WHAMPOA,1-room,
2021-Q3,KALLANG/WHAMPOA,2-room,
2021-Q3,KALLANG/WHAMPOA,3-room,335000
2021-Q3,KALLANG/WHAMPOA,4-room,708000
2021-Q3,KALLANG/WHAMPOA,5-room,729000
2021-Q3,KALLANG/WHAMPOA,Executive,
2021-Q3,MARINE PARADE,1-room,
2021-Q3,MARINE PARADE,2-room,
2021-Q3,MARINE PARADE,3-room,385000
2021-Q3,MARINE PARADE,4-room,
2021-Q3,MARINE PARADE,5-room,
2021-Q3,MARINE PARADE,Executive,
2021-Q3,PASIR RIS,1-room,
2021-Q3,PASIR RIS,2-room,
2021-Q3,PASIR RIS,3-room,
2021-Q3,PASIR RIS,4-room,471900
2021-Q3,PASIR RIS,5-room,555000
2021-Q3,PASIR RIS,Executive,710000
2021-Q3,PUNGGOL,1-room,
2021-Q3,PUNGGOL,2-room,
2021-Q3,PUNGGOL,3-room,395000
2021-Q3,PUNGGOL,4-room,498400
2021-Q3,PUNGGOL,5-room,600000
2021-Q3,PUNGGOL,Executive,
2021-Q3,QUEENSTOWN,1-room,
2021-Q3,QUEENSTOWN,2-room,
2021-Q3,QUEENSTOWN,3-room,350000
2021-Q3,QUEENSTOWN,4-room,790000
2021-Q3,QUEENSTOWN,5-room,926000
2021-Q3,QUEENSTOWN,Executive,
2021-Q3,SEMBAWANG,1-room,
2021-Q3,SEMBAWANG,2-room,
2021-Q3,SEMBAWANG,3-room,
2021-Q3,SEMBAWANG,4-room,417000
2021-Q3,SEMBAWANG,5-room,490000
2021-Q3,SEMBAWANG,Executive,586500
2021-Q3,SENGKANG,1-room,
2021-Q3,SENGKANG,2-room,
2021-Q3,SENGKANG,3-room,385500
2021-Q3,SENGKANG,4-room,480000
2021-Q3,SENGKANG,5-room,525000
2021-Q3,SENGKANG,Executive,632900
2021-Q3,SERANGOON,1-room,
2021-Q3,SERANGOON,2-room,
2021-Q3,SERANGOON,3-room,333000
2021-Q3,SERANGOON,4-room,476000
2021-Q3,SERANGOON,5-room,634000
2021-Q3,SERANGOON,Executive,
2021-Q3,TAMPINES,1-room,
2021-Q3,TAMPINES,2-room,
2021-Q3,TAMPINES,3-room,368000
2021-Q3,TAMPINES,4-room,480000
2021-Q3,TAMPINES,5-room,575000
2021-Q3,TAMPINES,Executive,730000
2021-Q3,TOA PAYOH,1-room,
2021-Q3,TOA PAYOH,2-room,
2021-Q3,TOA PAYOH,3-room,290000
2021-Q3,TOA PAYOH,4-room,598800
2021-Q3,TOA PAYOH,5-room,818000
2021-Q3,TOA PAYOH,Executive,
2021-Q3,WOODLANDS,1-room,
2021-Q3,WOODLANDS,2-room,
2021-Q3,WOODLANDS,3-room,310000
2021-Q3,WOODLANDS,4-room,420000
2021-Q3,WOODLANDS,5-room,492000
2021-Q3,WOODLANDS,Executive,679000
2021-Q3,YISHUN,1-room,
2021-Q3,YISHUN,2-room,
2021-Q3,YISHUN,3-room,328000
2021-Q3,YISHUN,4-room,440000
2021-Q3,YISHUN,5-room,550000
2021-Q3,YISHUN,Executive,655000
2021-Q4,ANG MO KIO,1-room,
2021-Q4,ANG MO KIO,2-room,
2021-Q4,ANG MO KIO,3-room,340000
2021-Q4,ANG MO KIO,4-room,480000
2021-Q4,ANG MO KIO,5-room,655000
2021-Q4,ANG MO KIO,Executive,
2021-Q4,BEDOK,1-room,
2021-Q4,BEDOK,2-room,
2021-Q4,BEDOK,3-room,330000
2021-Q4,BEDOK,4-room,455900
2021-Q4,BEDOK,5-room,645000
2021-Q4,BEDOK,Executive,
2021-Q4,BISHAN,1-room,
2021-Q4,BISHAN,2-room,
2021-Q4,BISHAN,3-room,
2021-Q4,BISHAN,4-room,600000
2021-Q4,BISHAN,5-room,804000
2021-Q4,BISHAN,Executive,
2021-Q4,BUKIT BATOK,1-room,
2021-Q4,BUKIT BATOK,2-room,
2021-Q4,BUKIT BATOK,3-room,335000
2021-Q4,BUKIT BATOK,4-room,468000
2021-Q4,BUKIT BATOK,5-room,634800
2021-Q4,BUKIT BATOK,Executive,715000
2021-Q4,BUKIT MERAH,1-room,
2021-Q4,BUKIT MERAH,2-room,
2021-Q4,BUKIT MERAH,3-room,371800
2021-Q4,BUKIT MERAH,4-room,766500
2021-Q4,BUKIT MERAH,5-room,828000
2021-Q4,BUKIT MERAH,Executive,
2021-Q4,BUKIT PANJANG,1-room,
2021-Q4,BUKIT PANJANG,2-room,
2021-Q4,BUKIT PANJANG,3-room,360000
2021-Q4,BUKIT PANJANG,4-room,460000
2021-Q4,BUKIT PANJANG,5-room,555000
2021-Q4,BUKIT PANJANG,Executive,718000
2021-Q4,BUKIT TIMAH,1-room,
2021-Q4,BUKIT TIMAH,2-room,
2021-Q4,BUKIT TIMAH,3-room,
2021-Q4,BUKIT TIMAH,4-room,
2021-Q4,BUKIT TIMAH,5-room,
2021-Q4,BUKIT TIMAH,Executive,
2021-Q4,CENTRAL AREA,1-room,
2021-Q4,CENTRAL AREA,2-room,
2021-Q4,CENTRAL AREA,3-room,465000
2021-Q4,CENTRAL AREA,4-room,972500
2021-Q4,CENTRAL AREA,5-room,
2021-Q4,CENTRAL AREA,Executive,
2021-Q4,CHOA CHU KANG,1-room,
2021-Q4,CHOA CHU KANG,2-room,
2021-Q4,CHOA CHU KANG,3-room,380000
2021-Q4,CHOA CHU KANG,4-room,472500
2021-Q4,CHOA CHU KANG,5-room,552500
2021-Q4,CHOA CHU KANG,Executive,647500
2021-Q4,CLEMENTI,1-room,
2021-Q4,CLEMENTI,2-room,
2021-Q4,CLEMENTI,3-room,370500
2021-Q4,CLEMENTI,4-room,728000
2021-Q4,CLEMENTI,5-room,656500
2021-Q4,CLEMENTI,Executive,
2021-Q4,GEYLANG,1-room,
2021-Q4,GEYLANG,2-room,
2021-Q4,GEYLANG,3-room,293900
2021-Q4,GEYLANG,4-room,630000
2021-Q4,GEYLANG,5-room,720000
2021-Q4,GEYLANG,Executive,
2021-Q4,HOUGANG,1-room,
2021-Q4,HOUGANG,2-room,
2021-Q4,HOUGANG,3-room,340000
2021-Q4,HOUGANG,4-room,471000
2021-Q4,HOUGANG,5-room,585000
2021-Q4,HOUGANG,Executive,780000
2021-Q4,JURONG EAST,1-room,
2021-Q4,JURONG EAST,2-room,
2021-Q4,JURONG EAST,3-room,346000
2021-Q4,JURONG EAST,4-room,450000
2021-Q4,JURONG EAST,5-room,640000
2021-Q4,JURONG EAST,Executive,
2021-Q4,JURONG WEST,1-room,
2021-Q4,JURONG WEST,2-room,
2021-Q4,JURONG WEST,3-room,333900
2021-Q4,JURONG WEST,4-room,457000
2021-Q4,JURONG WEST,5-room,530000
2021-Q4,JURONG WEST,Executive,631000
2021-Q4,KALLANG/WHAMPOA,1-room,
2021-Q4,KALLANG/WHAMPOA,2-room,
2021-Q4,KALLANG/WHAMPOA,3-room,377500
2021-Q4,KALLANG/WHAMPOA,4-room,690000
2021-Q4,KALLANG/WHAMPOA,5-room,804000
2021-Q4,KALLANG/WHAMPOA,Executive,
2021-Q4,MARINE PARADE,1-room,
2021-Q4,MARINE PARADE,2-room,
2021-Q4,MARINE PARADE,3-room,384000
2021-Q4,MARINE PARADE,4-room,
2021-Q4,MARINE PARADE,5-room,
2021-Q4,MARINE PARADE,Executive,
2021-Q4,PASIR RIS,1-room,
2021-Q4,PASIR RIS,2-room,
2021-Q4,PASIR RIS,3-room,
2021-Q4,PASIR RIS,4-room,480000
2021-Q4,PASIR RIS,5-room,580000
2021-Q4,PASIR RIS,Executive,720000
2021-Q4,PUNGGOL,1-room,
2021-Q4,PUNGGOL,2-room,
2021-Q4,PUNGGOL,3-room,409000
2021-Q4,PUNGGOL,4-room,515500
2021-Q4,PUNGGOL,5-room,621900
2021-Q4,PUNGGOL,Executive,
2021-Q4,QUEENSTOWN,1-room,
2021-Q4,QUEENSTOWN,2-room,
2021-Q4,QUEENSTOWN,3-room,360000
2021-Q4,QUEENSTOWN,4-room,779000
2021-Q4,QUEENSTOWN,5-room,935000
2021-Q4,QUEENSTOWN,Executive,
2021-Q4,SEMBAWANG,1-room,
2021-Q4,SEMBAWANG,2-room,
2021-Q4,SEMBAWANG,3-room,
2021-Q4,SEMBAWANG,4-room,439000
2021-Q4,SEMBAWANG,5-room,501500
2021-Q4,SEMBAWANG,Executive,568000
2021-Q4,SENGKANG,1-room,
2021-Q4,SENGKANG,2-room,
2021-Q4,SENGKANG,3-room,398000
2021-Q4,SENGKANG,4-room,492000
2021-Q4,SENGKANG,5-room,540500
2021-Q4,SENGKANG,Executive,638000
2021-Q4,SERANGOON,1-room,
2021-Q4,SERANGOON,2-room,
2021-Q4,SERANGOON,3-room,360000
2021-Q4,SERANGOON,4-room,491900
2021-Q4,SERANGOON,5-room,626800
2021-Q4,SERANGOON,Executive,800000
2021-Q4,TAMPINES,1-room,
2021-Q4,TAMPINES,2-room,
2021-Q4,TAMPINES,3-room,370000
2021-Q4,TAMPINES,4-room,488000
2021-Q4,TAMPINES,5-room,589000
2021-Q4,TAMPINES,Executive,730000
2021-Q4,TOA PAYOH,1-room,
2021-Q4,TOA PAYOH,2-room,
2021-Q4,TOA PAYOH,3-room,309000
2021-Q4,TOA PAYOH,4-room,630900
2021-Q4,TOA PAYOH,5-room,894900
2021-Q4,TOA PAYOH,Executive,
2021-Q4,WOODLANDS,1-room,
2021-Q4,WOODLANDS,2-room,
2021-Q4,WOODLANDS,3-room,335000
2021-Q4,WOODLANDS,4-room,430000
2021-Q4,WOODLANDS,5-room,505000
2021-Q4,WOODLANDS,Executive,701000
2021-Q4,YISHUN,1-room,
2021-Q4,YISHUN,2-room,
2021-Q4,YISHUN,3-room,345000
2021-Q4,YISHUN,4-room,450000
2021-Q4,YISHUN,5-room,580000
2021-Q4,YISHUN,Executive,690000
2022-Q1,ANG MO KIO,1-room,
2022-Q1,ANG MO KIO,2-room,
2022-Q1,ANG MO KIO,3-room,350000
2022-Q1,ANG MO KIO,4-room,475000
2022-Q1,ANG MO KIO,5-room,702500
2022-Q1,ANG MO KIO,Executive,
2022-Q1,BEDOK,1-room,
2022-Q1,BEDOK,2-room,
2022-Q1,BEDOK,3-room,335000
2022-Q1,BEDOK,4-room,450000
2022-Q1,BEDOK,5-room,640000
2022-Q1,BEDOK,Executive,
2022-Q1,BISHAN,1-room,
2022-Q1,BISHAN,2-room,
2022-Q1,BISHAN,3-room,
2022-Q1,BISHAN,4-room,629000
2022-Q1,BISHAN,5-room,810000
2022-Q1,BISHAN,Executive,
2022-Q1,BUKIT BATOK,1-room,
2022-Q1,BUKIT BATOK,2-room,
2022-Q1,BUKIT BATOK,3-room,345000
2022-Q1,BUKIT BATOK,4-room,480000
2022-Q1,BUKIT BATOK,5-room,650000
2022-Q1,BUKIT BATOK,Executive,
2022-Q1,BUKIT MERAH,1-room,
2022-Q1,BUKIT MERAH,2-room,
2022-Q1,BUKIT MERAH,3-room,402500
2022-Q1,BUKIT MERAH,4-room,750000
2022-Q1,BUKIT MERAH,5-room,840000
2022-Q1,BUKIT MERAH,Executive,
2022-Q1,BUKIT PANJANG,1-room,
2022-Q1,BUKIT PANJANG,2-room,
2022-Q1,BUKIT PANJANG,3-room,354000
2022-Q1,BUKIT PANJANG,4-room,455000
2022-Q1,BUKIT PANJANG,5-room,564500
2022-Q1,BUKIT PANJANG,Executive,
2022-Q1,BUKIT TIMAH,1-room,
2022-Q1,BUKIT TIMAH,2-room,
2022-Q1,BUKIT TIMAH,3-room,
2022-Q1,BUKIT TIMAH,4-room,
2022-Q1,BUKIT TIMAH,5-room,
2022-Q1,BUKIT TIMAH,Executive,
2022-Q1,CENTRAL AREA,1-room,
2022-Q1,CENTRAL AREA,2-room,
2022-Q1,CENTRAL AREA,3-room,430000
2022-Q1,CENTRAL AREA,4-room,811000
2022-Q1,CENTRAL AREA,5-room,
2022-Q1,CENTRAL AREA,Executive,
2022-Q1,CHOA CHU KANG,1-room,
2022-Q1,CHOA CHU KANG,2-room,
2022-Q1,CHOA CHU KANG,3-room,391500
2022-Q1,CHOA CHU KANG,4-room,470000
2022-Q1,CHOA CHU KANG,5-room,567400
2022-Q1,CHOA CHU KANG,Executive,680500
2022-Q1,CLEMENTI,1-room,
2022-Q1,CLEMENTI,2-room,
2022-Q1,CLEMENTI,3-room,380000
2022-Q1,CLEMENTI,4-room,703000
2022-Q1,CLEMENTI,5-room,818000
2022-Q1,CLEMENTI,Executive,
2022-Q1,GEYLANG,1-room,
2022-Q1,GEYLANG,2-room,
2022-Q1,GEYLANG,3-room,301000
2022-Q1,GEYLANG,4-room,530000
2022-Q1,GEYLANG,5-room,856500
2022-Q1,GEYLANG,Executive,
2022-Q1,HOUGANG,1-room,
2022-Q1,HOUGANG,2-room,
2022-Q1,HOUGANG,3-room,350000
2022-Q1,HOUGANG,4-room,487000
2022-Q1,HOUGANG,5-room,586000
2022-Q1,HOUGANG,Executive,775000
2022-Q1,JURONG EAST,1-room,
2022-Q1,JURONG EAST,2-room,
2022-Q1,JURONG EAST,3-room,339000
2022-Q1,JURONG EAST,4-room,450000
2022-Q1,JURONG EAST,5-room,567500
2022-Q1,JURONG EAST,Executive,
2022-Q1,JURONG WEST,1-room,
2022-Q1,JURONG WEST,2-room,
2022-Q1,JURONG WEST,3-room,330000
2022-Q1,JURONG WEST,4-room,440000
2022-Q1,JURONG WEST,5-room,538900
2022-Q1,JURONG WEST,Executive,640000
2022-Q1,KALLANG/WHAMPOA,1-room,
2022-Q1,KALLANG/WHAMPOA,2-room,
2022-Q1,KALLANG/WHAMPOA,3-room,360000
2022-Q1,KALLANG/WHAMPOA,4-room,755000
2022-Q1,KALLANG/WHAMPOA,5-room,784400
2022-Q1,KALLANG/WHAMPOA,Executive,
2022-Q1,MARINE PARADE,1-room,
2022-Q1,MARINE PARADE,2-room,
2022-Q1,MARINE PARADE,3-room,
2022-Q1,MARINE PARADE,4-room,
2022-Q1,MARINE PARADE,5-room,
2022-Q1,MARINE PARADE,Executive,
2022-Q1,PASIR RIS,1-room,
2022-Q1,PASIR RIS,2-room,
2022-Q1,PASIR RIS,3-room,
2022-Q1,PASIR RIS,4-room,490000
2022-Q1,PASIR RIS,5-room,600000
2022-Q1,PASIR RIS,Executive,740000
2022-Q1,PUNGGOL,1-room,
2022-Q1,PUNGGOL,2-room,
2022-Q1,PUNGGOL,3-room,411000
2022-Q1,PUNGGOL,4-room,520000
2022-Q1,PUNGGOL,5-room,600000
2022-Q1,PUNGGOL,Executive,
2022-Q1,QUEENSTOWN,1-room,
2022-Q1,QUEENSTOWN,2-room,
2022-Q1,QUEENSTOWN,3-room,360000
2022-Q1,QUEENSTOWN,4-room,820000
2022-Q1,QUEENSTOWN,5-room,952000
2022-Q1,QUEENSTOWN,Executive,
2022-Q1,SEMBAWANG,1-room,
2022-Q1,SEMBAWANG,2-room,
2022-Q1,SEMBAWANG,3-room,
2022-Q1,SEMBAWANG,4-room,466500
2022-Q1,SEMBAWANG,5-room,534400
2022-Q1,SEMBAWANG,Executive,
2022-Q1,SENGKANG,1-room,
2022-Q1,SENGKANG,2-room,
2022-Q1,SENGKANG,3-room,406000
2022-Q1,SENGKANG,4-room,510000
2022-Q1,SENGKANG,5-room,560000
2022-Q1,SENGKANG,Executive,658000
2022-Q1,SERANGOON,1-room,
2022-Q1,SERANGOON,2-room,
2022-Q1,SERANGOON,3-room,366500
2022-Q1,SERANGOON,4-room,492500
2022-Q1,SERANGOON,5-room,658000
2022-Q1,SERANGOON,Executive,
2022-Q1,TAMPINES,1-room,
2022-Q1,TAMPINES,2-room,
2022-Q1,TAMPINES,3-room,380000
2022-Q1,TAMPINES,4-room,498000
2022-Q1,TAMPINES,5-room,615000
2022-Q1,TAMPINES,Executive,800000
2022-Q1,TOA PAYOH,1-room,
2022-Q1,TOA PAYOH,2-room,
2022-Q1,TOA PAYOH,3-room,320000
2022-Q1,TOA PAYOH,4-room,622500
2022-Q1,TOA PAYOH,5-room,875000
2022-Q1,TOA PAYOH,Executive,
2022-Q1,WOODLANDS,1-room,
2022-Q1,WOODLANDS,2-room,
2022-Q1,WOODLANDS,3-room,341500
2022-Q1,WOODLANDS,4-room,450000
2022-Q1,WOODLANDS,5-room,530000
2022-Q1,WOODLANDS,Executive,724000
2022-Q1,YISHUN,1-room,
2022-Q1,YISHUN,2-room,
2022-Q1,YISHUN,3-room,360000
2022-Q1,YISHUN,4-room,450000
2022-Q1,YISHUN,5-room,582500
2022-Q1,YISHUN,Executive,800000
2022-Q2,ANG MO KIO,1-room,
2022-Q2,ANG MO KIO,2-room,
2022-Q2,ANG MO KIO,3-room,365000
2022-Q2,ANG MO KIO,4-room,515000
2022-Q2,ANG MO KIO,5-room,785000
2022-Q2,ANG MO KIO,Executive,
2022-Q2,BEDOK,1-room,
2022-Q2,BEDOK,2-room,
2022-Q2,BEDOK,3-room,345000
2022-Q2,BEDOK,4-room,465000
2022-Q2,BEDOK,5-room,643000
2022-Q2,BEDOK,Executive,848900
2022-Q2,BISHAN,1-room,
2022-Q2,BISHAN,2-room,
2022-Q2,BISHAN,3-room,432500
2022-Q2,BISHAN,4-room,605000
2022-Q2,BISHAN,5-room,851000
2022-Q2,BISHAN,Executive,
2022-Q2,BUKIT BATOK,1-room,
2022-Q2,BUKIT BATOK,2-room,
2022-Q2,BUKIT BATOK,3-room,345000
2022-Q2,BUKIT BATOK,4-room,495000
2022-Q2,BUKIT BATOK,5-room,790000
2022-Q2,BUKIT BATOK,Executive,780000
2022-Q2,BUKIT MERAH,1-room,
2022-Q2,BUKIT MERAH,2-room,
2022-Q2,BUKIT MERAH,3-room,370400
2022-Q2,BUKIT MERAH,4-room,751000
2022-Q2,BUKIT MERAH,5-room,866000
2022-Q2,BUKIT MERAH,Executive,
2022-Q2,BUKIT PANJANG,1-room,
2022-Q2,BUKIT PANJANG,2-room,
2022-Q2,BUKIT PANJANG,3-room,357000
2022-Q2,BUKIT PANJANG,4-room,475000
2022-Q2,BUKIT PANJANG,5-room,584500
2022-Q2,BUKIT PANJANG,Executive,
2022-Q2,BUKIT TIMAH,1-room,
2022-Q2,BUKIT TIMAH,2-room,
2022-Q2,BUKIT TIMAH,3-room,
2022-Q2,BUKIT TIMAH,4-room,
2022-Q2,BUKIT TIMAH,5-room,
2022-Q2,BUKIT TIMAH,Executive,
2022-Q2,CENTRAL AREA,1-room,
2022-Q2,CENTRAL AREA,2-room,
2022-Q2,CENTRAL AREA,3-room,
2022-Q2,CENTRAL AREA,4-room,964000
2022-Q2,CENTRAL AREA,5-room,
2022-Q2,CENTRAL AREA,Executive,
2022-Q2,CHOA CHU KANG,1-room,
2022-Q2,CHOA CHU KANG,2-room,
2022-Q2,CHOA CHU KANG,3-room,400000
2022-Q2,CHOA CHU KANG,4-room,485000
2022-Q2,CHOA CHU KANG,5-room,571000
2022-Q2,CHOA CHU KANG,Executive,700000
2022-Q2,CLEMENTI,1-room,
2022-Q2,CLEMENTI,2-room,
2022-Q2,CLEMENTI,3-room,369500
2022-Q2,CLEMENTI,4-room,732500
2022-Q2,CLEMENTI,5-room,900000
2022-Q2,CLEMENTI,Executive,
2022-Q2,GEYLANG,1-room,
2022-Q2,GEYLANG,2-room,
2022-Q2,GEYLANG,3-room,340000
2022-Q2,GEYLANG,4-room,570000
2022-Q2,GEYLANG,5-room,
2022-Q2,GEYLANG,Executive,
2022-Q2,HOUGANG,1-room,
2022-Q2,HOUGANG,2-room,
2022-Q2,HOUGANG,3-room,365000
2022-Q2,HOUGANG,4-room,495000
2022-Q2,HOUGANG,5-room,608800
2022-Q2,HOUGANG,Executive,803000
2022-Q2,JURONG EAST,1-room,
2022-Q2,JURONG EAST,2-room,
2022-Q2,JURONG EAST,3-room,351500
2022-Q2,JURONG EAST,4-room,490000
2022-Q2,JURONG EAST,5-room,647500
2022-Q2,JURONG EAST,Executive,
2022-Q2,JURONG WEST,1-room,
2022-Q2,JURONG WEST,2-room,
2022-Q2,JURONG WEST,3-room,340000
2022-Q2,JURONG WEST,4-room,469000
2022-Q2,JURONG WEST,5-room,550000
2022-Q2,JURONG WEST,Executive,665000
2022-Q2,KALLANG/WHAMPOA,1-room,
2022-Q2,KALLANG/WHAMPOA,2-room,
2022-Q2,KALLANG/WHAMPOA,3-room,372500
2022-Q2,KALLANG/WHAMPOA,4-room,780000
2022-Q2,KALLANG/WHAMPOA,5-room,836500
2022-Q2,KALLANG/WHAMPOA,Executive,
2022-Q2,MARINE PARADE,1-room,
2022-Q2,MARINE PARADE,2-room,
2022-Q2,MARINE PARADE,3-room,418000
2022-Q2,MARINE PARADE,4-room,
2022-Q2,MARINE PARADE,5-room,
2022-Q2,MARINE PARADE,Executive,
2022-Q2,PASIR RIS,1-room,
2022-Q2,PASIR RIS,2-room,
2022-Q2,PASIR RIS,3-room,
2022-Q2,PASIR RIS,4-room,500000
2022-Q2,PASIR RIS,5-room,600000
2022-Q2,PASIR RIS,Executive,750000
2022-Q2,PUNGGOL,1-room,
2022-Q2,PUNGGOL,2-room,
2022-Q2,PUNGGOL,3-room,436000
2022-Q2,PUNGGOL,4-room,550000
2022-Q2,PUNGGOL,5-room,580000
2022-Q2,PUNGGOL,Executive,
2022-Q2,QUEENSTOWN,1-room,
2022-Q2,QUEENSTOWN,2-room,
2022-Q2,QUEENSTOWN,3-room,385000
2022-Q2,QUEENSTOWN,4-room,829000
2022-Q2,QUEENSTOWN,5-room,875000
2022-Q2,QUEENSTOWN,Executive,
2022-Q2,SEMBAWANG,1-room,
2022-Q2,SEMBAWANG,2-room,
2022-Q2,SEMBAWANG,3-room,
2022-Q2,SEMBAWANG,4-room,472500
2022-Q2,SEMBAWANG,5-room,545000
2022-Q2,SEMBAWANG,Executive,
2022-Q2,SENGKANG,1-room,
2022-Q2,SENGKANG,2-room,
2022-Q2,SENGKANG,3-room,425000
2022-Q2,SENGKANG,4-room,512500
2022-Q2,SENGKANG,5-room,580000
2022-Q2,SENGKANG,Executive,674000
2022-Q2,SERANGOON,1-room,
2022-Q2,SERANGOON,2-room,
2022-Q2,SERANGOON,3-room,
2022-Q2,SERANGOON,4-room,526500
2022-Q2,SERANGOON,5-room,
2022-Q2,SERANGOON,Executive,
2022-Q2,TAMPINES,1-room,
2022-Q2,TAMPINES,2-room,
2022-Q2,TAMPINES,3-room,390000
2022-Q2,TAMPINES,4-room,510000
2022-Q2,TAMPINES,5-room,625500
2022-Q2,TAMPINES,Executive,808900
2022-Q2,TOA PAYOH,1-room,
2022-Q2,TOA PAYOH,2-room,
2022-Q2,TOA PAYOH,3-room,320000
2022-Q2,TOA PAYOH,4-room,700900
2022-Q2,TOA PAYOH,5-room,784000
2022-Q2,TOA PAYOH,Executive,
2022-Q2,WOODLANDS,1-room,
2022-Q2,WOODLANDS,2-room,
2022-Q2,WOODLANDS,3-room,337000
2022-Q2,WOODLANDS,4-room,450000
2022-Q2,WOODLANDS,5-room,545000
2022-Q2,WOODLANDS,Executive,755000
2022-Q2,YISHUN,1-room,
2022-Q2,YISHUN,2-room,
2022-Q2,YISHUN,3-room,360000
2022-Q2,YISHUN,4-room,470000
2022-Q2,YISHUN,5-room,622000
2022-Q2,YISHUN,Executive,757500
2022-Q3,ANG MO KIO,1-room,
2022-Q3,ANG MO KIO,2-room,
2022-Q3,ANG MO KIO,3-room,365500
2022-Q3,ANG MO KIO,4-room,516500
2022-Q3,ANG MO KIO,5-room,800000
2022-Q3,ANG MO KIO,Executive,
2022-Q3,BEDOK,1-room,
2022-Q3,BEDOK,2-room,
2022-Q3,BEDOK,3-room,355000
2022-Q3,BEDOK,4-room,475000
2022-Q3,BEDOK,5-room,680000
2022-Q3,BEDOK,Executive,820000
2022-Q3,BISHAN,1-room,
2022-Q3,BISHAN,2-room,
2022-Q3,BISHAN,3-room,
2022-Q3,BISHAN,4-room,640000
2022-Q3,BISHAN,5-room,855000
2022-Q3,BISHAN,Executive,1045000
2022-Q3,BUKIT BATOK,1-room,
2022-Q3,BUKIT BATOK,2-room,
2022-Q3,BUKIT BATOK,3-room,353000
2022-Q3,BUKIT BATOK,4-room,500000
2022-Q3,BUKIT BATOK,5-room,720000
2022-Q3,BUKIT BATOK,Executive,790900
2022-Q3,BUKIT MERAH,1-room,
2022-Q3,BUKIT MERAH,2-room,
2022-Q3,BUKIT MERAH,3-room,368000
2022-Q3,BUKIT MERAH,4-room,765000
2022-Q3,BUKIT MERAH,5-room,875000
2022-Q3,BUKIT MERAH,Executive,
2022-Q3,BUKIT PANJANG,1-room,
2022-Q3,BUKIT PANJANG,2-room,
2022-Q3,BUKIT PANJANG,3-room,386500
2022-Q3,BUKIT PANJANG,4-room,471900
2022-Q3,BUKIT PANJANG,5-room,610000
2022-Q3,BUKIT PANJANG,Executive,750000
2022-Q3,BUKIT TIMAH,1-room,
2022-Q3,BUKIT TIMAH,2-room,
2022-Q3,BUKIT TIMAH,3-room,
2022-Q3,BUKIT TIMAH,4-room,
2022-Q3,BUKIT TIMAH,5-room,
2022-Q3,BUKIT TIMAH,Executive,
2022-Q3,CENTRAL AREA,1-room,
2022-Q3,CENTRAL AREA,2-room,
2022-Q3,CENTRAL AREA,3-room,460000
2022-Q3,CENTRAL AREA,4-room,680000
2022-Q3,CENTRAL AREA,5-room,
2022-Q3,CENTRAL AREA,Executive,
2022-Q3,CHOA CHU KANG,1-room,
2022-Q3,CHOA CHU KANG,2-room,
2022-Q3,CHOA CHU KANG,3-room,380000
2022-Q3,CHOA CHU KANG,4-room,493900
2022-Q3,CHOA CHU KANG,5-room,588000
2022-Q3,CHOA CHU KANG,Executive,742000
2022-Q3,CLEMENTI,1-room,
2022-Q3,CLEMENTI,2-room,
2022-Q3,CLEMENTI,3-room,385000
2022-Q3,CLEMENTI,4-room,555000
2022-Q3,CLEMENTI,5-room,
2022-Q3,CLEMENTI,Executive,
2022-Q3,GEYLANG,1-room,
2022-Q3,GEYLANG,2-room,
2022-Q3,GEYLANG,3-room,320000
2022-Q3,GEYLANG,4-room,560000
2022-Q3,GEYLANG,5-room,738900
2022-Q3,GEYLANG,Executive,
2022-Q3,HOUGANG,1-room,
2022-Q3,HOUGANG,2-room,
2022-Q3,HOUGANG,3-room,370000
2022-Q3,HOUGANG,4-room,506000
2022-Q3,HOUGANG,5-room,648400
2022-Q3,HOUGANG,Executive,822000
2022-Q3,JURONG EAST,1-room,
2022-Q3,JURONG EAST,2-room,
2022-Q3,JURONG EAST,3-room,355000
2022-Q3,JURONG EAST,4-room,460000
2022-Q3,JURONG EAST,5-room,619000
2022-Q3,JURONG EAST,Executive,
2022-Q3,JURONG WEST,1-room,
2022-Q3,JURONG WEST,2-room,
2022-Q3,JURONG WEST,3-room,339000
2022-Q3,JURONG WEST,4-room,475000
2022-Q3,JURONG WEST,5-room,565000
2022-Q3,JURONG WEST,Executive,665000
2022-Q3,KALLANG/WHAMPOA,1-room,
2022-Q3,KALLANG/WHAMPOA,2-room,
2022-Q3,KALLANG/WHAMPOA,3-room,390000
2022-Q3,KALLANG/WHAMPOA,4-room,778400
2022-Q3,KALLANG/WHAMPOA,5-room,840000
2022-Q3,KALLANG/WHAMPOA,Executive,
2022-Q3,MARINE PARADE,1-room,
2022-Q3,MARINE PARADE,2-room,
2022-Q3,MARINE PARADE,3-room,412500
2022-Q3,MARINE PARADE,4-room,
2022-Q3,MARINE PARADE,5-room,
2022-Q3,MARINE PARADE,Executive,
2022-Q3,PASIR RIS,1-room,
2022-Q3,PASIR RIS,2-room,
2022-Q3,PASIR RIS,3-room,
2022-Q3,PASIR RIS,4-room,519000
2022-Q3,PASIR RIS,5-room,619000
2022-Q3,PASIR RIS,Executive,780000
2022-Q3,PUNGGOL,1-room,
2022-Q3,PUNGGOL,2-room,
2022-Q3,PUNGGOL,3-room,436900
2022-Q3,PUNGGOL,4-room,555000
2022-Q3,PUNGGOL,5-room,612000
2022-Q3,PUNGGOL,Executive,
2022-Q3,QUEENSTOWN,1-room,
2022-Q3,QUEENSTOWN,2-room,
2022-Q3,QUEENSTOWN,3-room,395000
2022-Q3,QUEENSTOWN,4-room,860000
2022-Q3,QUEENSTOWN,5-room,894000
2022-Q3,QUEENSTOWN,Executive,
2022-Q3,SEMBAWANG,1-room,
2022-Q3,SEMBAWANG,2-room,
2022-Q3,SEMBAWANG,3-room,
2022-Q3,SEMBAWANG,4-room,515000
2022-Q3,SEMBAWANG,5-room,566000
2022-Q3,SEMBAWANG,Executive,636500
2022-Q3,SENGKANG,1-room,
2022-Q3,SENGKANG,2-room,317500
2022-Q3,SENGKANG,3-room,438000
2022-Q3,SENGKANG,4-room,536000
2022-Q3,SENGKANG,5-room,595400
2022-Q3,SENGKANG,Executive,723600
2022-Q3,SERANGOON,1-room,
2022-Q3,SERANGOON,2-room,
2022-Q3,SERANGOON,3-room,380000
2022-Q3,SERANGOON,4-room,520900
2022-Q3,SERANGOON,5-room,
2022-Q3,SERANGOON,Executive,
2022-Q3,TAMPINES,1-room,
2022-Q3,TAMPINES,2-room,
2022-Q3,TAMPINES,3-room,395000
2022-Q3,TAMPINES,4-room,530000
2022-Q3,TAMPINES,5-room,650000
2022-Q3,TAMPINES,Executive,844000
2022-Q3,TOA PAYOH,1-room,
2022-Q3,TOA PAYOH,2-room,
2022-Q3,TOA PAYOH,3-room,341400
2022-Q3,TOA PAYOH,4-room,740000
2022-Q3,TOA PAYOH,5-room,870000
2022-Q3,TOA PAYOH,Executive,
2022-Q3,WOODLANDS,1-room,
2022-Q3,WOODLANDS,2-room,
2022-Q3,WOODLANDS,3-room,345000
2022-Q3,WOODLANDS,4-room,468000
2022-Q3,WOODLANDS,5-room,560000
2022-Q3,WOODLANDS,Executive,778000
2022-Q3,YISHUN,1-room,
2022-Q3,YISHUN,2-room,
2022-Q3,YISHUN,3-room,362000
2022-Q3,YISHUN,4-room,473000
2022-Q3,YISHUN,5-room,608000
2022-Q3,YISHUN,Executive,748000
2022-Q4,ANG MO KIO,1-room,
2022-Q4,ANG MO KIO,2-room,
2022-Q4,ANG MO KIO,3-room,378000
2022-Q4,ANG MO KIO,4-room,555000
2022-Q4,ANG MO KIO,5-room,868000
2022-Q4,ANG MO KIO,Executive,
2022-Q4,BEDOK,1-room,
2022-Q4,BEDOK,2-room,
2022-Q4,BEDOK,3-room,360000
2022-Q4,BEDOK,4-room,480000
2022-Q4,BEDOK,5-room,650000
2022-Q4,BEDOK,Executive,
2022-Q4,BISHAN,1-room,
2022-Q4,BISHAN,2-room,
2022-Q4,BISHAN,3-room,
2022-Q4,BISHAN,4-room,669400
2022-Q4,BISHAN,5-room,877500
2022-Q4,BISHAN,Executive,
2022-Q4,BUKIT BATOK,1-room,
2022-Q4,BUKIT BATOK,2-room,
2022-Q4,BUKIT BATOK,3-room,360000
2022-Q4,BUKIT BATOK,4-room,514000
2022-Q4,BUKIT BATOK,5-room,700000
2022-Q4,BUKIT BATOK,Executive,
2022-Q4,BUKIT MERAH,1-room,
2022-Q4,BUKIT MERAH,2-room,
2022-Q4,BUKIT MERAH,3-room,400000
2022-Q4,BUKIT MERAH,4-room,775400
2022-Q4,BUKIT MERAH,5-room,899000
2022-Q4,BUKIT MERAH,Executive,
2022-Q4,BUKIT PANJANG,1-room,
2022-Q4,BUKIT PANJANG,2-room,
2022-Q4,BUKIT PANJANG,3-room,375000
2022-Q4,BUKIT PANJANG,4-room,480000
2022-Q4,BUKIT PANJANG,5-room,590000
2022-Q4,BUKIT PANJANG,Executive,780000
2022-Q4,BUKIT TIMAH,1-room,
2022-Q4,BUKIT TIMAH,2-room,
2022-Q4,BUKIT TIMAH,3-room,
2022-Q4,BUKIT TIMAH,4-room,
2022-Q4,BUKIT TIMAH,5-room,
2022-Q4,BUKIT TIMAH,Executive,
2022-Q4,CENTRAL AREA,1-room,
2022-Q4,CENTRAL AREA,2-room,
2022-Q4,CENTRAL AREA,3-room,450000
2022-Q4,CENTRAL AREA,4-room,
2022-Q4,CENTRAL AREA,5-room,
2022-Q4,CENTRAL AREA,Executive,
2022-Q4,CHOA CHU KANG,1-room,
2022-Q4,CHOA CHU KANG,2-room,
2022-Q4,CHOA CHU KANG,3-room,389500
2022-Q4,CHOA CHU KANG,4-room,500000
2022-Q4,CHOA CHU KANG,5-room,588000
2022-Q4,CHOA CHU KANG,Executive,679000
2022-Q4,CLEMENTI,1-room,
2022-Q4,CLEMENTI,2-room,
2022-Q4,CLEMENTI,3-room,378000
2022-Q4,CLEMENTI,4-room,574900
2022-Q4,CLEMENTI,5-room,
2022-Q4,CLEMENTI,Executive,
2022-Q4,GEYLANG,1-room,
2022-Q4,GEYLANG,2-room,
2022-Q4,GEYLANG,3-room,335000
2022-Q4,GEYLANG,4-room,576500
2022-Q4,GEYLANG,5-room,781500
2022-Q4,GEYLANG,Executive,
2022-Q4,HOUGANG,1-room,
2022-Q4,HOUGANG,2-room,
2022-Q4,HOUGANG,3-room,380000
2022-Q4,HOUGANG,4-room,518000
2022-Q4,HOUGANG,5-room,627500
2022-Q4,HOUGANG,Executive,845900
2022-Q4,JURONG EAST,1-room,
2022-Q4,JURONG EAST,2-room,
2022-Q4,JURONG EAST,3-room,360000
2022-Q4,JURONG EAST,4-room,465000
2022-Q4,JURONG EAST,5-room,643000
2022-Q4,JURONG EAST,Executive,
2022-Q4,JURONG WEST,1-room,
2022-Q4,JURONG WEST,2-room,
2022-Q4,JURONG WEST,3-room,358900
2022-Q4,JURONG WEST,4-room,481500
2022-Q4,JURONG WEST,5-room,566000
2022-Q4,JURONG WEST,Executive,685000
2022-Q4,KALLANG/WHAMPOA,1-room,
2022-Q4,KALLANG/WHAMPOA,2-room,
2022-Q4,KALLANG/WHAMPOA,3-room,380000
2022-Q4,KALLANG/WHAMPOA,4-room,788000
2022-Q4,KALLANG/WHAMPOA,5-room,800000
2022-Q4,KALLANG/WHAMPOA,Executive,
2022-Q4,MARINE PARADE,1-room,
2022-Q4,MARINE PARADE,2-room,
2022-Q4,MARINE PARADE,3-room,430000
2022-Q4,MARINE PARADE,4-room,
2022-Q4,MARINE PARADE,5-room,
2022-Q4,MARINE PARADE,Executive,
2022-Q4,PASIR RIS,1-room,
2022-Q4,PASIR RIS,2-room,
2022-Q4,PASIR RIS,3-room,
2022-Q4,PASIR RIS,4-room,520000
2022-Q4,PASIR RIS,5-room,641000
2022-Q4,PASIR RIS,Executive,796000
2022-Q4,PUNGGOL,1-room,
2022-Q4,PUNGGOL,2-room,
2022-Q4,PUNGGOL,3-room,451000
2022-Q4,PUNGGOL,4-room,575900
2022-Q4,PUNGGOL,5-room,700000
2022-Q4,PUNGGOL,Executive,
2022-Q4,QUEENSTOWN,1-room,
2022-Q4,QUEENSTOWN,2-room,
2022-Q4,QUEENSTOWN,3-room,390000
2022-Q4,QUEENSTOWN,4-room,870000
2022-Q4,QUEENSTOWN,5-room,
2022-Q4,QUEENSTOWN,Executive,
2022-Q4,SEMBAWANG,1-room,
2022-Q4,SEMBAWANG,2-room,327500
2022-Q4,SEMBAWANG,3-room,432500
2022-Q4,SEMBAWANG,4-room,535000
2022-Q4,SEMBAWANG,5-room,579000
2022-Q4,SEMBAWANG,Executive,
2022-Q4,SENGKANG,1-room,
2022-Q4,SENGKANG,2-room,
2022-Q4,SENGKANG,3-room,443400
2022-Q4,SENGKANG,4-room,548000
2022-Q4,SENGKANG,5-room,580000
2022-Q4,SENGKANG,Executive,710000
2022-Q4,SERANGOON,1-room,
2022-Q4,SERANGOON,2-room,
2022-Q4,SERANGOON,3-room,386500
2022-Q4,SERANGOON,4-room,539000
2022-Q4,SERANGOON,5-room,
2022-Q4,SERANGOON,Executive,
2022-Q4,TAMPINES,1-room,
2022-Q4,TAMPINES,2-room,
2022-Q4,TAMPINES,3-room,410000
2022-Q4,TAMPINES,4-room,536500
2022-Q4,TAMPINES,5-room,652500
2022-Q4,TAMPINES,Executive,850000
2022-Q4,TOA PAYOH,1-room,
2022-Q4,TOA PAYOH,2-room,
2022-Q4,TOA PAYOH,3-room,340000
2022-Q4,TOA PAYOH,4-room,780000
2022-Q4,TOA PAYOH,5-room,865000
2022-Q4,TOA PAYOH,Executive,
2022-Q4,WOODLANDS,1-room,
2022-Q4,WOODLANDS,2-room,
2022-Q4,WOODLANDS,3-room,395000
2022-Q4,WOODLANDS,4-room,495000
2022-Q4,WOODLANDS,5-room,580000
2022-Q4,WOODLANDS,Executive,762500
2022-Q4,YISHUN,1-room,
2022-Q4,YISHUN,2-room,
2022-Q4,YISHUN,3-room,372000
2022-Q4,YISHUN,4-room,474000
2022-Q4,YISHUN,5-room,620000
2022-Q4,YISHUN,Executive,788000
2023-Q1,ANG MO KIO,1-room,
2023-Q1,ANG MO KIO,2-room,
2023-Q1,ANG MO KIO,3-room,380000
2023-Q1,ANG MO KIO,4-room,605900
2023-Q1,ANG MO KIO,5-room,785000
2023-Q1,ANG MO KIO,Executive,
2023-Q1,BEDOK,1-room,
2023-Q1,BEDOK,2-room,
2023-Q1,BEDOK,3-room,365000
2023-Q1,BEDOK,4-room,486000
2023-Q1,BEDOK,5-room,660000
2023-Q1,BEDOK,Executive,865000
2023-Q1,BISHAN,1-room,
2023-Q1,BISHAN,2-room,
2023-Q1,BISHAN,3-room,
2023-Q1,BISHAN,4-room,677500
2023-Q1,BISHAN,5-room,900000
2023-Q1,BISHAN,Executive,
2023-Q1,BUKIT BATOK,1-room,
2023-Q1,BUKIT BATOK,2-room,
2023-Q1,BUKIT BATOK,3-room,370000
2023-Q1,BUKIT BATOK,4-room,597500
2023-Q1,BUKIT BATOK,5-room,771500
2023-Q1,BUKIT BATOK,Executive,810000
2023-Q1,BUKIT MERAH,1-room,
2023-Q1,BUKIT MERAH,2-room,
2023-Q1,BUKIT MERAH,3-room,396000
2023-Q1,BUKIT MERAH,4-room,813900
2023-Q1,BUKIT MERAH,5-room,870000
2023-Q1,BUKIT MERAH,Executive,
2023-Q1,BUKIT PANJANG,1-room,
2023-Q1,BUKIT PANJANG,2-room,
2023-Q1,BUKIT PANJANG,3-room,380000
2023-Q1,BUKIT PANJANG,4-room,492500
2023-Q1,BUKIT PANJANG,5-room,620000
2023-Q1,BUKIT PANJANG,Executive,
2023-Q1,BUKIT TIMAH,1-room,
2023-Q1,BUKIT TIMAH,2-room,
2023-Q1,BUKIT TIMAH,3-room,
2023-Q1,BUKIT TIMAH,4-room,
2023-Q1,BUKIT TIMAH,5-room,
2023-Q1,BUKIT TIMAH,Executive,
2023-Q1,CENTRAL AREA,1-room,
2023-Q1,CENTRAL AREA,2-room,
2023-Q1,CENTRAL AREA,3-room,450000
2023-Q1,CENTRAL AREA,4-room,728000
2023-Q1,CENTRAL AREA,5-room,
2023-Q1,CENTRAL AREA,Executive,
2023-Q1,CHOA CHU KANG,1-room,
2023-Q1,CHOA CHU KANG,2-room,
2023-Q1,CHOA CHU KANG,3-room,415000
2023-Q1,CHOA CHU KANG,4-room,490000
2023-Q1,CHOA CHU KANG,5-room,580000
2023-Q1,CHOA CHU KANG,Executive,713000
2023-Q1,CLEMENTI,1-room,
2023-Q1,CLEMENTI,2-room,
2023-Q1,CLEMENTI,3-room,418000
2023-Q1,CLEMENTI,4-room,648000
2023-Q1,CLEMENTI,5-room,746500
2023-Q1,CLEMENTI,Executive,
2023-Q1,GEYLANG,1-room,
2023-Q1,GEYLANG,2-room,
2023-Q1,GEYLANG,3-room,344400
2023-Q1,GEYLANG,4-room,549000
2023-Q1,GEYLANG,5-room,
2023-Q1,GEYLANG,Executive,
2023-Q1,HOUGANG,1-room,
2023-Q1,HOUGANG,2-room,
2023-Q1,HOUGANG,3-room,385000
2023-Q1,HOUGANG,4-room,518000
2023-Q1,HOUGANG,5-room,665900
2023-Q1,HOUGANG,Executive,850000
2023-Q1,JURONG EAST,1-room,
2023-Q1,JURONG EAST,2-room,
2023-Q1,JURONG EAST,3-room,369000
2023-Q1,JURONG EAST,4-room,470000
2023-Q1,JURONG EAST,5-room,650000
2023-Q1,JURONG EAST,Executive,
2023-Q1,JURONG WEST,1-room,
2023-Q1,JURONG WEST,2-room,
2023-Q1,JURONG WEST,3-room,339000
2023-Q1,JURONG WEST,4-room,478000
2023-Q1,JURONG WEST,5-room,578900
2023-Q1,JURONG WEST,Executive,690000
2023-Q1,KALLANG/WHAMPOA,1-room,
2023-Q1,KALLANG/WHAMPOA,2-room,
2023-Q1,KALLANG/WHAMPOA,3-room,380000
2023-Q1,KALLANG/WHAMPOA,4-room,735000
2023-Q1,KALLANG/WHAMPOA,5-room,805000
2023-Q1,KALLANG/WHAMPOA,Executive,
2023-Q1,MARINE PARADE,1-room,
2023-Q1,MARINE PARADE,2-room,
2023-Q1,MARINE PARADE,3-room,438000
2023-Q1,MARINE PARADE,4-room,
2023-Q1,MARINE PARADE,5-room,
2023-Q1,MARINE PARADE,Executive,
2023-Q1,PASIR RIS,1-room,
2023-Q1,PASIR RIS,2-room,
2023-Q1,PASIR RIS,3-room,
2023-Q1,PASIR RIS,4-room,535000
2023-Q1,PASIR RIS,5-room,643000
2023-Q1,PASIR RIS,Executive,808800
2023-Q1,PUNGGOL,1-room,
2023-Q1,PUNGGOL,2-room,330000
2023-Q1,PUNGGOL,3-room,450000
2023-Q1,PUNGGOL,4-room,582900
2023-Q1,PUNGGOL,5-room,666000
2023-Q1,PUNGGOL,Executive,
2023-Q1,QUEENSTOWN,1-room,
2023-Q1,QUEENSTOWN,2-room,
2023-Q1,QUEENSTOWN,3-room,403200
2023-Q1,QUEENSTOWN,4-room,864000
2023-Q1,QUEENSTOWN,5-room,
2023-Q1,QUEENSTOWN,Executive,
2023-Q1,SEMBAWANG,1-room,
2023-Q1,SEMBAWANG,2-room,325000
2023-Q1,SEMBAWANG,3-room,435800
2023-Q1,SEMBAWANG,4-room,524000
2023-Q1,SEMBAWANG,5-room,578000
2023-Q1,SEMBAWANG,Executive,
2023-Q1,SENGKANG,1-room,
2023-Q1,SENGKANG,2-room,
2023-Q1,SENGKANG,3-room,437500
2023-Q1,SENGKANG,4-room,560000
2023-Q1,SENGKANG,5-room,600000
2023-Q1,SENGKANG,Executive,728000
2023-Q1,SERANGOON,1-room,
2023-Q1,SERANGOON,2-room,
2023-Q1,SERANGOON,3-room,395000
2023-Q1,SERANGOON,4-room,577000
2023-Q1,SERANGOON,5-room,
2023-Q1,SERANGOON,Executive,
2023-Q1,TAMPINES,1-room,
2023-Q1,TAMPINES,2-room,
2023-Q1,TAMPINES,3-room,414400
2023-Q1,TAMPINES,4-room,555000
2023-Q1,TAMPINES,5-room,666500
2023-Q1,TAMPINES,Executive,864000
2023-Q1,TOA PAYOH,1-room,
2023-Q1,TOA PAYOH,2-room,
2023-Q1,TOA PAYOH,3-room,358000
2023-Q1,TOA PAYOH,4-room,779000
2023-Q1,TOA PAYOH,5-room,897500
2023-Q1,TOA PAYOH,Executive,
2023-Q1,WOODLANDS,1-room,
2023-Q1,WOODLANDS,2-room,
2023-Q1,WOODLANDS,3-room,395000
2023-Q1,WOODLANDS,4-room,485000
2023-Q1,WOODLANDS,5-room,583000
2023-Q1,WOODLANDS,Executive,770000
2023-Q1,YISHUN,1-room,
2023-Q1,YISHUN,2-room,315000
2023-Q1,YISHUN,3-room,380000
2023-Q1,YISHUN,4-room,480000
2023-Q1,YISHUN,5-room,630000
2023-Q1,YISHUN,Executive,
2023-Q2,ANG MO KIO,1-room,
2023-Q2,ANG MO KIO,2-room,
2023-Q2,ANG MO KIO,3-room,380400
2023-Q2,ANG MO KIO,4-room,520000
2023-Q2,ANG MO KIO,5-room,697500
2023-Q2,ANG MO KIO,Executive,
2023-Q2,BEDOK,1-room,
2023-Q2,BEDOK,2-room,
2023-Q2,BEDOK,3-room,367000
2023-Q2,BEDOK,4-room,518000
2023-Q2,BEDOK,5-room,684000
2023-Q2,BEDOK,Executive,
2023-Q2,BISHAN,1-room,
2023-Q2,BISHAN,2-room,
2023-Q2,BISHAN,3-room,
2023-Q2,BISHAN,4-room,690000
2023-Q2,BISHAN,5-room,880000
2023-Q2,BISHAN,Executive,
2023-Q2,BUKIT BATOK,1-room,
2023-Q2,BUKIT BATOK,2-room,340000
2023-Q2,BUKIT BATOK,3-room,385000
2023-Q2,BUKIT BATOK,4-room,590000
2023-Q2,BUKIT BATOK,5-room,758000
2023-Q2,BUKIT BATOK,Executive,
2023-Q2,BUKIT MERAH,1-room,
2023-Q2,BUKIT MERAH,2-room,
2023-Q2,BUKIT MERAH,3-room,455000
2023-Q2,BUKIT MERAH,4-room,838000
2023-Q2,BUKIT MERAH,5-room,875400
2023-Q2,BUKIT MERAH,Executive,
2023-Q2,BUKIT PANJANG,1-room,
2023-Q2,BUKIT PANJANG,2-room,
2023-Q2,BUKIT PANJANG,3-room,388000
2023-Q2,BUKIT PANJANG,4-room,493000
2023-Q2,BUKIT PANJANG,5-room,608500
2023-Q2,BUKIT PANJANG,Executive,
2023-Q2,BUKIT TIMAH,1-room,
2023-Q2,BUKIT TIMAH,2-room,
2023-Q2,BUKIT TIMAH,3-room,
2023-Q2,BUKIT TIMAH,4-room,
2023-Q2,BUKIT TIMAH,5-room,
2023-Q2,BUKIT TIMAH,Executive,
2023-Q2,CENTRAL AREA,1-room,
2023-Q2,CENTRAL AREA,2-room,
2023-Q2,CENTRAL AREA,3-room,
2023-Q2,CENTRAL AREA,4-room,894000
2023-Q2,CENTRAL AREA,5-room,
2023-Q2,CENTRAL AREA,Executive,
2023-Q2,CHOA CHU KANG,1-room,
2023-Q2,CHOA CHU KANG,2-room,
2023-Q2,CHOA CHU KANG,3-room,
2023-Q2,CHOA CHU KANG,4-room,495000
2023-Q2,CHOA CHU KANG,5-room,603000
2023-Q2,CHOA CHU KANG,Executive,730000
2023-Q2,CLEMENTI,1-room,
2023-Q2,CLEMENTI,2-room,
2023-Q2,CLEMENTI,3-room,390400
2023-Q2,CLEMENTI,4-room,597500
2023-Q2,CLEMENTI,5-room,
2023-Q2,CLEMENTI,Executive,
2023-Q2,GEYLANG,1-room,
2023-Q2,GEYLANG,2-room,
2023-Q2,GEYLANG,3-room,332500
2023-Q2,GEYLANG,4-room,668000
2023-Q2,GEYLANG,5-room,
2023-Q2,GEYLANG,Executive,
2023-Q2,HOUGANG,1-room,
2023-Q2,HOUGANG,2-room,
2023-Q2,HOUGANG,3-room,382900
2023-Q2,HOUGANG,4-room,525000
2023-Q2,HOUGANG,5-room,670000
2023-Q2,HOUGANG,Executive,
2023-Q2,JURONG EAST,1-room,
2023-Q2,JURONG EAST,2-room,
2023-Q2,JURONG EAST,3-room,365000
2023-Q2,JURONG EAST,4-room,492000
2023-Q2,JURONG EAST,5-room,
2023-Q2,JURONG EAST,Executive,
2023-Q2,JURONG WEST,1-room,
2023-Q2,JURONG WEST,2-room,
2023-Q2,JURONG WEST,3-room,345000
2023-Q2,JURONG WEST,4-room,476000
2023-Q2,JURONG WEST,5-room,589000
2023-Q2,JURONG WEST,Executive,727500
2023-Q2,KALLANG/WHAMPOA,1-room,
2023-Q2,KALLANG/WHAMPOA,2-room,
2023-Q2,KALLANG/WHAMPOA,3-room,383000
2023-Q2,KALLANG/WHAMPOA,4-room,778900
2023-Q2,KALLANG/WHAMPOA,5-room,865000
2023-Q2,KALLANG/WHAMPOA,Executive,
2023-Q2,MARINE PARADE,1-room,
2023-Q2,MARINE PARADE,2-room,
2023-Q2,MARINE PARADE,3-room,425000
2023-Q2,MARINE PARADE,4-room,
2023-Q2,MARINE PARADE,5-room,
2023-Q2,MARINE PARADE,Executive,
2023-Q2,PASIR RIS,1-room,
2023-Q2,PASIR RIS,2-room,
2023-Q2,PASIR RIS,3-room,
2023-Q2,PASIR RIS,4-room,540000
2023-Q2,PASIR RIS,5-room,650000
2023-Q2,PASIR RIS,Executive,819000
2023-Q2,PUNGGOL,1-room,
2023-Q2,PUNGGOL,2-room,343000
2023-Q2,PUNGGOL,3-room,450000
2023-Q2,PUNGGOL,4-room,590000
2023-Q2,PUNGGOL,5-room,681500
2023-Q2,PUNGGOL,Executive,
2023-Q2,QUEENSTOWN,1-room,
2023-Q2,QUEENSTOWN,2-room,
2023-Q2,QUEENSTOWN,3-room,420000
2023-Q2,QUEENSTOWN,4-room,850000
2023-Q2,QUEENSTOWN,5-room,
2023-Q2,QUEENSTOWN,Executive,
2023-Q2,SEMBAWANG,1-room,
2023-Q2,SEMBAWANG,2-room,
2023-Q2,SEMBAWANG,3-room,440000
2023-Q2,SEMBAWANG,4-room,556900
2023-Q2,SEMBAWANG,5-room,625000
2023-Q2,SEMBAWANG,Executive,
2023-Q2,SENGKANG,1-room,
2023-Q2,SENGKANG,2-room,
2023-Q2,SENGKANG,3-room,458000
2023-Q2,SENGKANG,4-room,560000
2023-Q2,SENGKANG,5-room,620000
2023-Q2,SENGKANG,Executive,735900
2023-Q2,SERANGOON,1-room,
2023-Q2,SERANGOON,2-room,
2023-Q2,SERANGOON,3-room,383000
2023-Q2,SERANGOON,4-room,559000
2023-Q2,SERANGOON,5-room,
2023-Q2,SERANGOON,Executive,
2023-Q2,TAMPINES,1-room,
2023-Q2,TAMPINES,2-room,
2023-Q2,TAMPINES,3-room,428000
2023-Q2,TAMPINES,4-room,564000
2023-Q2,TAMPINES,5-room,689000
2023-Q2,TAMPINES,Executive,875000
2023-Q2,TOA PAYOH,1-room,
2023-Q2,TOA PAYOH,2-room,
2023-Q2,TOA PAYOH,3-room,356000
2023-Q2,TOA PAYOH,4-room,715000
2023-Q2,TOA PAYOH,5-room,859000
2023-Q2,TOA PAYOH,Executive,
2023-Q2,WOODLANDS,1-room,
2023-Q2,WOODLANDS,2-room,
2023-Q2,WOODLANDS,3-room,372000
2023-Q2,WOODLANDS,4-room,490000
2023-Q2,WOODLANDS,5-room,588000
2023-Q2,WOODLANDS,Executive,838000
2023-Q2,YISHUN,1-room,
2023-Q2,YISHUN,2-room,
2023-Q2,YISHUN,3-room,380900
2023-Q2,YISHUN,4-room,491500
2023-Q2,YISHUN,5-room,640000
2023-Q2,YISHUN,Executive,
2023-Q3,ANG MO KIO,1-room,
2023-Q3,ANG MO KIO,2-room,
2023-Q3,ANG MO KIO,3-room,385000
2023-Q3,ANG MO KIO,4-room,538000
2023-Q3,ANG MO KIO,5-room,725500
2023-Q3,ANG MO KIO,Executive,
2023-Q3,BEDOK,1-room,
2023-Q3,BEDOK,2-room,
2023-Q3,BEDOK,3-room,370000
2023-Q3,BEDOK,4-room,523000
2023-Q3,BEDOK,5-room,684000
2023-Q3,BEDOK,Executive,
2023-Q3,BISHAN,1-room,
2023-Q3,BISHAN,2-room,
2023-Q3,BISHAN,3-room,
2023-Q3,BISHAN,4-room,715000
2023-Q3,BISHAN,5-room,929000
2023-Q3,BISHAN,Executive,
2023-Q3,BUKIT BATOK,1-room,
2023-Q3,BUKIT BATOK,2-room,327500
2023-Q3,BUKIT BATOK,3-room,385000
2023-Q3,BUKIT BATOK,4-room,595000
2023-Q3,BUKIT BATOK,5-room,758000
2023-Q3,BUKIT BATOK,Executive,
2023-Q3,BUKIT MERAH,1-room,
2023-Q3,BUKIT MERAH,2-room,
2023-Q3,BUKIT MERAH,3-room,439500
2023-Q3,BUKIT MERAH,4-room,860000
2023-Q3,BUKIT MERAH,5-room,928000
2023-Q3,BUKIT MERAH,Executive,
2023-Q3,BUKIT PANJANG,1-room,
2023-Q3,BUKIT PANJANG,2-room,
2023-Q3,BUKIT PANJANG,3-room,400000
2023-Q3,BUKIT PANJANG,4-room,508000
2023-Q3,BUKIT PANJANG,5-room,615000
2023-Q3,BUKIT PANJANG,Executive,775000
2023-Q3,BUKIT TIMAH,1-room,
2023-Q3,BUKIT TIMAH,2-room,
2023-Q3,BUKIT TIMAH,3-room,
2023-Q3,BUKIT TIMAH,4-room,
2023-Q3,BUKIT TIMAH,5-room,
2023-Q3,BUKIT TIMAH,Executive,
2023-Q3,CENTRAL AREA,1-room,
2023-Q3,CENTRAL AREA,2-room,
2023-Q3,CENTRAL AREA,3-room,470000
2023-Q3,CENTRAL AREA,4-room,
2023-Q3,CENTRAL AREA,5-room,
2023-Q3,CENTRAL AREA,Executive,
2023-Q3,CHOA CHU KANG,1-room,
2023-Q3,CHOA CHU KANG,2-room,
2023-Q3,CHOA CHU KANG,3-room,391500
2023-Q3,CHOA CHU KANG,4-room,500000
2023-Q3,CHOA CHU KANG,5-room,579000
2023-Q3,CHOA CHU KANG,Executive,
2023-Q3,CLEMENTI,1-room,
2023-Q3,CLEMENTI,2-room,
2023-Q3,CLEMENTI,3-room,397500
2023-Q3,CLEMENTI,4-room,607400
2023-Q3,CLEMENTI,5-room,
2023-Q3,CLEMENTI,Executive,
2023-Q3,GEYLANG,1-room,
2023-Q3,GEYLANG,2-room,
2023-Q3,GEYLANG,3-room,330000
2023-Q3,GEYLANG,4-room,610000
2023-Q3,GEYLANG,5-room,750000
2023-Q3,GEYLANG,Executive,
2023-Q3,HOUGANG,1-room,
2023-Q3,HOUGANG,2-room,
2023-Q3,HOUGANG,3-room,390000
2023-Q3,HOUGANG,4-room,532500
2023-Q3,HOUGANG,5-room,690000
2023-Q3,HOUGANG,Executive,868000
2023-Q3,JURONG EAST,1-room,
2023-Q3,JURONG EAST,2-room,
2023-Q3,JURONG EAST,3-room,380000
2023-Q3,JURONG EAST,4-room,473000
2023-Q3,JURONG EAST,5-room,625000
2023-Q3,JURONG EAST,Executive,
2023-Q3,JURONG WEST,1-room,
2023-Q3,JURONG WEST,2-room,
2023-Q3,JURONG WEST,3-room,360000
2023-Q3,JURONG WEST,4-room,500000
2023-Q3,JURONG WEST,5-room,580000
2023-Q3,JURONG WEST,Executive,700000
2023-Q3,KALLANG/WHAMPOA,1-room,
2023-Q3,KALLANG/WHAMPOA,2-room,
2023-Q3,KALLANG/WHAMPOA,3-room,385000
2023-Q3,KALLANG/WHAMPOA,4-room,790400
2023-Q3,KALLANG/WHAMPOA,5-room,907900
2023-Q3,KALLANG/WHAMPOA,Executive,
2023-Q3,MARINE PARADE,1-room,
2023-Q3,MARINE PARADE,2-room,
2023-Q3,MARINE PARADE,3-room,
2023-Q3,MARINE PARADE,4-room,
2023-Q3,MARINE PARADE,5-room,
2023-Q3,MARINE PARADE,Executive,
2023-Q3,PASIR RIS,1-room,
2023-Q3,PASIR RIS,2-room,
2023-Q3,PASIR RIS,3-room,
2023-Q3,PASIR RIS,4-room,554000
2023-Q3,PASIR RIS,5-room,658000
2023-Q3,PASIR RIS,Executive,835000
2023-Q3,PUNGGOL,1-room,
2023-Q3,PUNGGOL,2-room,
2023-Q3,PUNGGOL,3-room,470000
2023-Q3,PUNGGOL,4-room,600000
2023-Q3,PUNGGOL,5-room,677500
2023-Q3,PUNGGOL,Executive,
2023-Q3,QUEENSTOWN,1-room,
2023-Q3,QUEENSTOWN,2-room,
2023-Q3,QUEENSTOWN,3-room,389400
2023-Q3,QUEENSTOWN,4-room,928000
2023-Q3,QUEENSTOWN,5-room,
2023-Q3,QUEENSTOWN,Executive,
2023-Q3,SEMBAWANG,1-room,
2023-Q3,SEMBAWANG,2-room,331000
2023-Q3,SEMBAWANG,3-room,447500
2023-Q3,SEMBAWANG,4-room,556900
2023-Q3,SEMBAWANG,5-room,580000
2023-Q3,SEMBAWANG,Executive,
2023-Q3,SENGKANG,1-room,
2023-Q3,SENGKANG,2-room,
2023-Q3,SENGKANG,3-room,465000
2023-Q3,SENGKANG,4-room,558000
2023-Q3,SENGKANG,5-room,630000
2023-Q3,SENGKANG,Executive,739000
2023-Q3,SERANGOON,1-room,
2023-Q3,SERANGOON,2-room,
2023-Q3,SERANGOON,3-room,420000
2023-Q3,SERANGOON,4-room,575000
2023-Q3,SERANGOON,5-room,731500
2023-Q3,SERANGOON,Executive,900000
2023-Q3,TAMPINES,1-room,
2023-Q3,TAMPINES,2-room,
2023-Q3,TAMPINES,3-room,420000
2023-Q3,TAMPINES,4-room,569000
2023-Q3,TAMPINES,5-room,678000
2023-Q3,TAMPINES,Executive,853000
2023-Q3,TOA PAYOH,1-room,
2023-Q3,TOA PAYOH,2-room,
2023-Q3,TOA PAYOH,3-room,350000
2023-Q3,TOA PAYOH,4-room,780000
2023-Q3,TOA PAYOH,5-room,900000
2023-Q3,TOA PAYOH,Executive,
2023-Q3,WOODLANDS,1-room,
2023-Q3,WOODLANDS,2-room,
2023-Q3,WOODLANDS,3-room,374000
2023-Q3,WOODLANDS,4-room,498000
2023-Q3,WOODLANDS,5-room,590000
2023-Q3,WOODLANDS,Executive,802000
2023-Q3,YISHUN,1-room,
2023-Q3,YISHUN,2-room,
2023-Q3,YISHUN,3-room,385000
2023-Q3,YISHUN,4-room,500000
2023-Q3,YISHUN,5-room,650000
2023-Q3,YISHUN,Executive,
2023-Q4,ANG MO KIO,1-room,
2023-Q4,ANG MO KIO,2-room,
2023-Q4,ANG MO KIO,3-room,388000
2023-Q4,ANG MO KIO,4-room,594000
2023-Q4,ANG MO KIO,5-room,788000
2023-Q4,ANG MO KIO,Executive,
2023-Q4,BEDOK,1-room,
2023-Q4,BEDOK,2-room,
2023-Q4,BEDOK,3-room,375000
2023-Q4,BEDOK,4-room,530000
2023-Q4,BEDOK,5-room,695000
2023-Q4,BEDOK,Executive,
2023-Q4,BISHAN,1-room,
2023-Q4,BISHAN,2-room,
2023-Q4,BISHAN,3-room,
2023-Q4,BISHAN,4-room,707000
2023-Q4,BISHAN,5-room,918000
2023-Q4,BISHAN,Executive,
2023-Q4,BUKIT BATOK,1-room,
2023-Q4,BUKIT BATOK,2-room,
2023-Q4,BUKIT BATOK,3-room,378000
2023-Q4,BUKIT BATOK,4-room,593000
2023-Q4,BUKIT BATOK,5-room,767500
2023-Q4,BUKIT BATOK,Executive,835000
2023-Q4,BUKIT MERAH,1-room,
2023-Q4,BUKIT MERAH,2-room,
2023-Q4,BUKIT MERAH,3-room,411500
2023-Q4,BUKIT MERAH,4-room,856000
2023-Q4,BUKIT MERAH,5-room,959000
2023-Q4,BUKIT MERAH,Executive,
2023-Q4,BUKIT PANJANG,1-room,
2023-Q4,BUKIT PANJANG,2-room,
2023-Q4,BUKIT PANJANG,3-room,405000
2023-Q4,BUKIT PANJANG,4-room,503000
2023-Q4,BUKIT PANJANG,5-room,620000
2023-Q4,BUKIT PANJANG,Executive,
2023-Q4,BUKIT TIMAH,1-room,
2023-Q4,BUKIT TIMAH,2-room,
2023-Q4,BUKIT TIMAH,3-room,
2023-Q4,BUKIT TIMAH,4-room,
2023-Q4,BUKIT TIMAH,5-room,
2023-Q4,BUKIT TIMAH,Executive,
2023-Q4,CENTRAL AREA,1-room,
2023-Q4,CENTRAL AREA,2-room,
2023-Q4,CENTRAL AREA,3-room,481500
2023-Q4,CENTRAL AREA,4-room,
2023-Q4,CENTRAL AREA,5-room,
2023-Q4,CENTRAL AREA,Executive,
2023-Q4,CHOA CHU KANG,1-room,
2023-Q4,CHOA CHU KANG,2-room,
2023-Q4,CHOA CHU KANG,3-room,
2023-Q4,CHOA CHU KANG,4-room,508000
2023-Q4,CHOA CHU KANG,5-room,603000
2023-Q4,CHOA CHU KANG,Executive,
2023-Q4,CLEMENTI,1-room,
2023-Q4,CLEMENTI,2-room,
2023-Q4,CLEMENTI,3-room,394000
2023-Q4,CLEMENTI,4-room,561000
2023-Q4,CLEMENTI,5-room,
2023-Q4,CLEMENTI,Executive,
2023-Q4,GEYLANG,1-room,
2023-Q4,GEYLANG,2-room,
2023-Q4,GEYLANG,3-room,345000
2023-Q4,GEYLANG,4-room,615000
2023-Q4,GEYLANG,5-room,
2023-Q4,GEYLANG,Executive,
2023-Q4,HOUGANG,1-room,
2023-Q4,HOUGANG,2-room,350000
2023-Q4,HOUGANG,3-room,398900
2023-Q4,HOUGANG,4-room,560000
2023-Q4,HOUGANG,5-room,655000
2023-Q4,HOUGANG,Executive,895000
2023-Q4,JURONG EAST,1-room,
2023-Q4,JURONG EAST,2-room,
2023-Q4,JURONG EAST,3-room,365000
2023-Q4,JURONG EAST,4-room,497500
2023-Q4,JURONG EAST,5-room,628000
2023-Q4,JURONG EAST,Executive,
2023-Q4,JURONG WEST,1-room,
2023-Q4,JURONG WEST,2-room,
2023-Q4,JURONG WEST,3-room,365000
2023-Q4,JURONG WEST,4-room,490000
2023-Q4,JURONG WEST,5-room,588000
2023-Q4,JURONG WEST,Executive,698000
2023-Q4,KALLANG/WHAMPOA,1-room,
2023-Q4,KALLANG/WHAMPOA,2-room,
2023-Q4,KALLANG/WHAMPOA,3-room,384500
2023-Q4,KALLANG/WHAMPOA,4-room,830000
2023-Q4,KALLANG/WHAMPOA,5-room,880400
2023-Q4,KALLANG/WHAMPOA,Executive,
2023-Q4,MARINE PARADE,1-room,
2023-Q4,MARINE PARADE,2-room,
2023-Q4,MARINE PARADE,3-room,
2023-Q4,MARINE PARADE,4-room,
2023-Q4,MARINE PARADE,5-room,
2023-Q4,MARINE PARADE,Executive,
2023-Q4,PASIR RIS,1-room,
2023-Q4,PASIR RIS,2-room,
2023-Q4,PASIR RIS,3-room,
2023-Q4,PASIR RIS,4-room,555000
2023-Q4,PASIR RIS,5-room,663000
2023-Q4,PASIR RIS,Executive,816000
2023-Q4,PUNGGOL,1-room,
2023-Q4,PUNGGOL,2-room,
2023-Q4,PUNGGOL,3-room,475000
2023-Q4,PUNGGOL,4-room,605000
2023-Q4,PUNGGOL,5-room,670000
2023-Q4,PUNGGOL,Executive,
2023-Q4,QUEENSTOWN,1-room,
2023-Q4,QUEENSTOWN,2-room,
2023-Q4,QUEENSTOWN,3-room,401000
2023-Q4,QUEENSTOWN,4-room,928000
2023-Q4,QUEENSTOWN,5-room,
2023-Q4,QUEENSTOWN,Executive,
2023-Q4,SEMBAWANG,1-room,
2023-Q4,SEMBAWANG,2-room,
2023-Q4,SEMBAWANG,3-room,440000
2023-Q4,SEMBAWANG,4-room,551000
2023-Q4,SEMBAWANG,5-room,602900
2023-Q4,SEMBAWANG,Executive,
2023-Q4,SENGKANG,1-room,
2023-Q4,SENGKANG,2-room,
2023-Q4,SENGKANG,3-room,470000
2023-Q4,SENGKANG,4-room,575000
2023-Q4,SENGKANG,5-room,610000
2023-Q4,SENGKANG,Executive,730000
2023-Q4,SERANGOON,1-room,
2023-Q4,SERANGOON,2-room,
2023-Q4,SERANGOON,3-room,390000
2023-Q4,SERANGOON,4-room,600000
2023-Q4,SERANGOON,5-room,
2023-Q4,SERANGOON,Executive,
2023-Q4,TAMPINES,1-room,
2023-Q4,TAMPINES,2-room,
2023-Q4,TAMPINES,3-room,430000
2023-Q4,TAMPINES,4-room,579000
2023-Q4,TAMPINES,5-room,685000
2023-Q4,TAMPINES,Executive,877400
2023-Q4,TOA PAYOH,1-room,
2023-Q4,TOA PAYOH,2-room,
2023-Q4,TOA PAYOH,3-room,370000
2023-Q4,TOA PAYOH,4-room,750000
2023-Q4,TOA PAYOH,5-room,881900
2023-Q4,TOA PAYOH,Executive,
2023-Q4,WOODLANDS,1-room,
2023-Q4,WOODLANDS,2-room,
2023-Q4,WOODLANDS,3-room,395500
2023-Q4,WOODLANDS,4-room,515000
2023-Q4,WOODLANDS,5-room,598500
2023-Q4,WOODLANDS,Executive,800000
2023-Q4,YISHUN,1-room,
2023-Q4,YISHUN,2-room,319000
2023-Q4,YISHUN,3-room,400000
2023-Q4,YISHUN,4-room,520000
2023-Q4,YISHUN,5-room,660000
2023-Q4,YISHUN,Executive,
2024-Q1,ANG MO KIO,1-room,
2024-Q1,ANG MO KIO,2-room,
2024-Q1,ANG MO KIO,3-room,399000
2024-Q1,ANG MO KIO,4-room,531500
2024-Q1,ANG MO KIO,5-room,905000
2024-Q1,ANG MO KIO,Executive,
2024-Q1,BEDOK,1-room,
2024-Q1,BEDOK,2-room,
2024-Q1,BEDOK,3-room,378000
2024-Q1,BEDOK,4-room,514000
2024-Q1,BEDOK,5-room,740000
2024-Q1,BEDOK,Executive,
2024-Q1,BISHAN,1-room,
2024-Q1,BISHAN,2-room,
2024-Q1,BISHAN,3-room,
2024-Q1,BISHAN,4-room,706500
2024-Q1,BISHAN,5-room,
2024-Q1,BISHAN,Executive,
2024-Q1,BUKIT BATOK,1-room,
2024-Q1,BUKIT BATOK,2-room,342900
2024-Q1,BUKIT BATOK,3-room,380000
2024-Q1,BUKIT BATOK,4-room,591500
2024-Q1,BUKIT BATOK,5-room,748900
2024-Q1,BUKIT BATOK,Executive,
2024-Q1,BUKIT MERAH,1-room,
2024-Q1,BUKIT MERAH,2-room,
2024-Q1,BUKIT MERAH,3-room,400000
2024-Q1,BUKIT MERAH,4-room,895000
2024-Q1,BUKIT MERAH,5-room,895000
2024-Q1,BUKIT MERAH,Executive,
2024-Q1,BUKIT PANJANG,1-room,
2024-Q1,BUKIT PANJANG,2-room,
2024-Q1,BUKIT PANJANG,3-room,390000
2024-Q1,BUKIT PANJANG,4-room,528000
2024-Q1,BUKIT PANJANG,5-room,645000
2024-Q1,BUKIT PANJANG,Executive,818000
2024-Q1,BUKIT TIMAH,1-room,
2024-Q1,BUKIT TIMAH,2-room,
2024-Q1,BUKIT TIMAH,3-room,
2024-Q1,BUKIT TIMAH,4-room,
2024-Q1,BUKIT TIMAH,5-room,
2024-Q1,BUKIT TIMAH,Executive,
2024-Q1,CENTRAL AREA,1-room,
2024-Q1,CENTRAL AREA,2-room,
2024-Q1,CENTRAL AREA,3-room,500000
2024-Q1,CENTRAL AREA,4-room,
2024-Q1,CENTRAL AREA,5-room,
2024-Q1,CENTRAL AREA,Executive,
2024-Q1,CHOA CHU KANG,1-room,
2024-Q1,CHOA CHU KANG,2-room,
2024-Q1,CHOA CHU KANG,3-room,
2024-Q1,CHOA CHU KANG,4-room,510000
2024-Q1,CHOA CHU KANG,5-room,600000
2024-Q1,CHOA CHU KANG,Executive,760000
2024-Q1,CLEMENTI,1-room,
2024-Q1,CLEMENTI,2-room,
2024-Q1,CLEMENTI,3-room,390000
2024-Q1,CLEMENTI,4-room,600000
2024-Q1,CLEMENTI,5-room,
2024-Q1,CLEMENTI,Executive,
2024-Q1,GEYLANG,1-room,
2024-Q1,GEYLANG,2-room,
2024-Q1,GEYLANG,3-room,345000
2024-Q1,GEYLANG,4-room,588000
2024-Q1,GEYLANG,5-room,
2024-Q1,GEYLANG,Executive,
2024-Q1,HOUGANG,1-room,
2024-Q1,HOUGANG,2-room,
2024-Q1,HOUGANG,3-room,404000
2024-Q1,HOUGANG,4-room,563500
2024-Q1,HOUGANG,5-room,700000
2024-Q1,HOUGANG,Executive,907500
2024-Q1,JURONG EAST,1-room,
2024-Q1,JURONG EAST,2-room,
2024-Q1,JURONG EAST,3-room,368000
2024-Q1,JURONG EAST,4-room,483400
2024-Q1,JURONG EAST,5-room,646500
2024-Q1,JURONG EAST,Executive,
2024-Q1,JURONG WEST,1-room,
2024-Q1,JURONG WEST,2-room,
2024-Q1,JURONG WEST,3-room,370000
2024-Q1,JURONG WEST,4-room,495000
2024-Q1,JURONG WEST,5-room,580900
2024-Q1,JURONG WEST,Executive,716900
2024-Q1,KALLANG/WHAMPOA,1-room,
2024-Q1,KALLANG/WHAMPOA,2-room,
2024-Q1,KALLANG/WHAMPOA,3-room,403000
2024-Q1,KALLANG/WHAMPOA,4-room,848000
2024-Q1,KALLANG/WHAMPOA,5-room,924000
2024-Q1,KALLANG/WHAMPOA,Executive,
2024-Q1,MARINE PARADE,1-room,
2024-Q1,MARINE PARADE,2-room,
2024-Q1,MARINE PARADE,3-room,
2024-Q1,MARINE PARADE,4-room,
2024-Q1,MARINE PARADE,5-room,
2024-Q1,MARINE PARADE,Executive,
2024-Q1,PASIR RIS,1-room,
2024-Q1,PASIR RIS,2-room,
2024-Q1,PASIR RIS,3-room,
2024-Q1,PASIR RIS,4-room,570000
2024-Q1,PASIR RIS,5-room,688000
2024-Q1,PASIR RIS,Executive,828000
2024-Q1,PUNGGOL,1-room,
2024-Q1,PUNGGOL,2-room,350000
2024-Q1,PUNGGOL,3-room,490000
2024-Q1,PUNGGOL,4-room,633000
2024-Q1,PUNGGOL,5-room,728000
2024-Q1,PUNGGOL,Executive,
2024-Q1,QUEENSTOWN,1-room,
2024-Q1,QUEENSTOWN,2-room,
2024-Q1,QUEENSTOWN,3-room,430000
2024-Q1,QUEENSTOWN,4-room,897500
2024-Q1,QUEENSTOWN,5-room,
2024-Q1,QUEENSTOWN,Executive,
2024-Q1,SEMBAWANG,1-room,
2024-Q1,SEMBAWANG,2-room,341500
2024-Q1,SEMBAWANG,3-room,452500
2024-Q1,SEMBAWANG,4-room,565000
2024-Q1,SEMBAWANG,5-room,593000
2024-Q1,SEMBAWANG,Executive,
2024-Q1,SENGKANG,1-room,
2024-Q1,SENGKANG,2-room,
2024-Q1,SENGKANG,3-room,470000
2024-Q1,SENGKANG,4-room,580000
2024-Q1,SENGKANG,5-room,629000
2024-Q1,SENGKANG,Executive,775000
2024-Q1,SERANGOON,1-room,
2024-Q1,SERANGOON,2-room,
2024-Q1,SERANGOON,3-room,402500
2024-Q1,SERANGOON,4-room,604500
2024-Q1,SERANGOON,5-room,772900
2024-Q1,SERANGOON,Executive,
2024-Q1,TAMPINES,1-room,
2024-Q1,TAMPINES,2-room,
2024-Q1,TAMPINES,3-room,440000
2024-Q1,TAMPINES,4-room,600000
2024-Q1,TAMPINES,5-room,700400
2024-Q1,TAMPINES,Executive,878500
2024-Q1,TOA PAYOH,1-room,
2024-Q1,TOA PAYOH,2-room,
2024-Q1,TOA PAYOH,3-room,365000
2024-Q1,TOA PAYOH,4-room,834000
2024-Q1,TOA PAYOH,5-room,870000
2024-Q1,TOA PAYOH,Executive,
2024-Q1,WOODLANDS,1-room,
2024-Q1,WOODLANDS,2-room,
2024-Q1,WOODLANDS,3-room,393000
2024-Q1,WOODLANDS,4-room,512000
2024-Q1,WOODLANDS,5-room,615000
2024-Q1,WOODLANDS,Executive,848000
2024-Q1,YISHUN,1-room,
2024-Q1,YISHUN,2-room,330000
2024-Q1,YISHUN,3-room,403400
2024-Q1,YISHUN,4-room,535000
2024-Q1,YISHUN,5-room,650000
2024-Q1,YISHUN,Executive,825000
2024-Q2,ANG MO KIO,1-room,
2024-Q2,ANG MO KIO,2-room,
2024-Q2,ANG MO KIO,3-room,402000
2024-Q2,ANG MO KIO,4-room,612900
2024-Q2,ANG MO KIO,5-room,780000
2024-Q2,ANG MO KIO,Executive,
2024-Q2,BEDOK,1-room,
2024-Q2,BEDOK,2-room,
2024-Q2,BEDOK,3-room,390000
2024-Q2,BEDOK,4-room,535000
2024-Q2,BEDOK,5-room,745000
2024-Q2,BEDOK,Executive,
2024-Q2,BISHAN,1-room,
2024-Q2,BISHAN,2-room,
2024-Q2,BISHAN,3-room,
2024-Q2,BISHAN,4-room,728000
2024-Q2,BISHAN,5-room,960000
2024-Q2,BISHAN,Executive,
2024-Q2,BUKIT BATOK,1-room,
2024-Q2,BUKIT BATOK,2-room,345000
2024-Q2,BUKIT BATOK,3-room,390000
2024-Q2,BUKIT BATOK,4-room,595000
2024-Q2,BUKIT BATOK,5-room,735000
2024-Q2,BUKIT BATOK,Executive,
2024-Q2,BUKIT MERAH,1-room,
2024-Q2,BUKIT MERAH,2-room,
2024-Q2,BUKIT MERAH,3-room,440500
2024-Q2,BUKIT MERAH,4-room,885000
2024-Q2,BUKIT MERAH,5-room,
2024-Q2,BUKIT MERAH,Executive,
2024-Q2,BUKIT PANJANG,1-room,
2024-Q2,BUKIT PANJANG,2-room,
2024-Q2,BUKIT PANJANG,3-room,410000
2024-Q2,BUKIT PANJANG,4-room,538000
2024-Q2,BUKIT PANJANG,5-room,650000
2024-Q2,BUKIT PANJANG,Executive,
2024-Q2,BUKIT TIMAH,1-room,
2024-Q2,BUKIT TIMAH,2-room,
2024-Q2,BUKIT TIMAH,3-room,
2024-Q2,BUKIT TIMAH,4-room,
2024-Q2,BUKIT TIMAH,5-room,
2024-Q2,BUKIT TIMAH,Executive,
2024-Q2,CENTRAL AREA,1-room,
2024-Q2,CENTRAL AREA,2-room,
2024-Q2,CENTRAL AREA,3-room,520000
2024-Q2,CENTRAL AREA,4-room,
2024-Q2,CENTRAL AREA,5-room,
2024-Q2,CENTRAL AREA,Executive,
2024-Q2,CHOA CHU KANG,1-room,
2024-Q2,CHOA CHU KANG,2-room,
2024-Q2,CHOA CHU KANG,3-room,390000
2024-Q2,CHOA CHU KANG,4-room,515000
2024-Q2,CHOA CHU KANG,5-room,605000
2024-Q2,CHOA CHU KANG,Executive,773000
2024-Q2,CLEMENTI,1-room,
2024-Q2,CLEMENTI,2-room,
2024-Q2,CLEMENTI,3-room,390000
2024-Q2,CLEMENTI,4-room,642500
2024-Q2,CLEMENTI,5-room,
2024-Q2,CLEMENTI,Executive,
2024-Q2,GEYLANG,1-room,
2024-Q2,GEYLANG,2-room,
2024-Q2,GEYLANG,3-room,359400
2024-Q2,GEYLANG,4-room,877000
2024-Q2,GEYLANG,5-room,
2024-Q2,GEYLANG,Executive,
2024-Q2,HOUGANG,1-room,
2024-Q2,HOUGANG,2-room,
2024-Q2,HOUGANG,3-room,430000
2024-Q2,HOUGANG,4-room,585000
2024-Q2,HOUGANG,5-room,701100
2024-Q2,HOUGANG,Executive,900000
2024-Q2,JURONG EAST,1-room,
2024-Q2,JURONG EAST,2-room,
2024-Q2,JURONG EAST,3-room,383000
2024-Q2,JURONG EAST,4-room,495000
2024-Q2,JURONG EAST,5-room,632000
2024-Q2,JURONG EAST,Executive,
2024-Q2,JURONG WEST,1-room,
2024-Q2,JURONG WEST,2-room,
2024-Q2,JURONG WEST,3-room,372500
2024-Q2,JURONG WEST,4-room,488000
2024-Q2,JURONG WEST,5-room,600000
2024-Q2,JURONG WEST,Executive,740500
2024-Q2,KALLANG/WHAMPOA,1-room,
2024-Q2,KALLANG/WHAMPOA,2-room,
2024-Q2,KALLANG/WHAMPOA,3-room,410000
2024-Q2,KALLANG/WHAMPOA,4-room,860500
2024-Q2,KALLANG/WHAMPOA,5-room,884000
2024-Q2,KALLANG/WHAMPOA,Executive,
2024-Q2,MARINE PARADE,1-room,
2024-Q2,MARINE PARADE,2-room,
2024-Q2,MARINE PARADE,3-room,
2024-Q2,MARINE PARADE,4-room,
2024-Q2,MARINE PARADE,5-room,
2024-Q2,MARINE PARADE,Executive,
2024-Q2,PASIR RIS,1-room,
2024-Q2,PASIR RIS,2-room,
2024-Q2,PASIR RIS,3-room,
2024-Q2,PASIR RIS,4-room,590000
2024-Q2,PASIR RIS,5-room,695000
2024-Q2,PASIR RIS,Executive,870000
2024-Q2,PUNGGOL,1-room,
2024-Q2,PUNGGOL,2-room,
2024-Q2,PUNGGOL,3-room,495000
2024-Q2,PUNGGOL,4-room,622000
2024-Q2,PUNGGOL,5-room,712500
2024-Q2,PUNGGOL,Executive,
2024-Q2,QUEENSTOWN,1-room,
2024-Q2,QUEENSTOWN,2-room,
2024-Q2,QUEENSTOWN,3-room,415500
2024-Q2,QUEENSTOWN,4-room,928000
2024-Q2,QUEENSTOWN,5-room,
2024-Q2,QUEENSTOWN,Executive,
2024-Q2,SEMBAWANG,1-room,
2024-Q2,SEMBAWANG,2-room,350000
2024-Q2,SEMBAWANG,3-room,470000
2024-Q2,SEMBAWANG,4-room,567500
2024-Q2,SEMBAWANG,5-room,608000
2024-Q2,SEMBAWANG,Executive,695000
2024-Q2,SENGKANG,1-room,
2024-Q2,SENGKANG,2-room,
2024-Q2,SENGKANG,3-room,488900
2024-Q2,SENGKANG,4-room,600000
2024-Q2,SENGKANG,5-room,650000
2024-Q2,SENGKANG,Executive,750000
2024-Q2,SERANGOON,1-room,
2024-Q2,SERANGOON,2-room,
2024-Q2,SERANGOON,3-room,418000
2024-Q2,SERANGOON,4-room,600000
2024-Q2,SERANGOON,5-room,750000
2024-Q2,SERANGOON,Executive,
2024-Q2,TAMPINES,1-room,
2024-Q2,TAMPINES,2-room,
2024-Q2,TAMPINES,3-room,450000
2024-Q2,TAMPINES,4-room,612000
2024-Q2,TAMPINES,5-room,728000
2024-Q2,TAMPINES,Executive,900000
2024-Q2,TOA PAYOH,1-room,
2024-Q2,TOA PAYOH,2-room,
2024-Q2,TOA PAYOH,3-room,385000
2024-Q2,TOA PAYOH,4-room,832500
2024-Q2,TOA PAYOH,5-room,945000
2024-Q2,TOA PAYOH,Executive,
2024-Q2,WOODLANDS,1-room,
2024-Q2,WOODLANDS,2-room,
2024-Q2,WOODLANDS,3-room,425000
2024-Q2,WOODLANDS,4-room,525000
2024-Q2,WOODLANDS,5-room,630000
2024-Q2,WOODLANDS,Executive,855000
2024-Q2,YISHUN,1-room,
2024-Q2,YISHUN,2-room,327500
2024-Q2,YISHUN,3-room,408000
2024-Q2,YISHUN,4-room,530000
2024-Q2,YISHUN,5-room,660000
2024-Q2,YISHUN,Executive,835000
